size,count
16,4800
4092,1
4097,1
4102,1
4107,1
4112,1
4117,1
4122,1
4127,1
4132,1
4137,1
4142,1
4147,1
4152,1
4157,1
4162,1
4167,1
4172,1
4177,1
4182,1
4187,1
4192,1
4197,1
4202,1
4207,1
4212,1
4217,1
4222,1
4227,1
4232,1
4237,1
4242,1
4247,1
4252,1
4257,1
4262,1
4267,1
4272,1
4277,1
4282,1
4287,1
4292,1
4297,1
4302,1
4307,1
4312,1
4317,1
4322,1
4327,1
4332,1
4337,1
4342,1
4347,1
4352,1
4357,1
4362,1
4367,1
4372,1
4377,1
4382,1
4387,1
4392,1
4397,1
4402,1
4407,1
4412,1
4417,1
4422,1
4427,1
4432,1
4437,1
4442,1
4447,1
4452,1
4457,1
4462,1
4467,1
4472,1
4477,1
4482,1
4487,1
4492,1
4497,1
4502,1
4507,1
4512,1
4517,1
4522,1
4527,1
4532,1
4537,1
4542,1
4547,1
4552,1
4557,1
4562,1
4567,1
4572,1
4577,1
4582,1
4587,1
4592,1
4597,1
4602,1
4607,1
4612,1
4617,1
4622,1
4627,1
4632,1
4637,1
4642,1
4647,1
4652,1
4657,1
4662,1
4667,1
4672,1
4677,1
4682,1
4687,1
4692,1
4697,1
4702,1
4707,1
4712,1
4717,1
4722,1
4727,1
4732,1
4737,1
4742,1
4747,1
4752,1
4757,1
4762,1
4767,1
4772,1
4777,1
4782,1
4787,1
4792,1
4797,1
4802,1
4807,1
4812,1
4817,1
4822,1
4827,1
4832,1
4837,1
4842,1
4847,1
4852,1
4857,1
4862,1
4867,1
4872,1
4877,1
4882,1
4887,1
4892,1
4897,1
4902,1
4907,1
4912,1
4917,1
4922,1
4927,1
4932,1
4937,1
4942,1
4947,1
4952,1
4957,1
4962,1
4967,1
4972,1
4977,1
4982,1
4987,1
4992,1
4997,1
5002,1
5007,1
5012,1
5017,1
5022,1
5027,1
5032,1
5037,1
5042,1
5047,1
5052,1
5057,1
5062,1
5067,1
5072,1
5077,1
5082,1
5087,1
5092,1
5097,1
5102,1
5107,1
5112,1
5117,1
5122,1
5127,1
5132,1
5137,1
5142,1
5147,1
5152,1
5157,1
5162,1
5167,1
5172,1
5177,1
5182,1
5187,1
5192,1
5197,1
5202,1
5207,1
5212,1
5217,1
5222,1
5227,1
5232,1
5237,1
5242,1
5247,1
5252,1
5257,1
5262,1
5267,1
5272,1
5277,1
5282,1
5287,1
5292,1
5297,1
5302,1
5307,1
5312,1
5317,1
5322,1
5327,1
5332,1
5337,1
5342,1
5347,1
5352,1
5357,1
5362,1
5367,1
5372,1
5377,1
5382,1
5387,1
5392,1
5397,1
5402,1
5407,1
5412,1
5417,1
5422,1
5427,1
5432,1
5437,1
5442,1
5447,1
5452,1
5457,1
5462,1
5467,1
5472,1
5477,1
5482,1
5487,1
5492,1
5497,1
5502,1
5507,1
5512,1
5517,1
5522,1
5527,1
5532,1
5537,1
5542,1
5547,1
5552,1
5557,1
5562,1
5567,1
5572,1
5577,1
5582,1
5587,1
5592,1
5597,1
5602,1
5607,1
5612,1
5617,1
5622,1
5627,1
5632,1
5637,1
5642,1
5647,1
5652,1
5657,1
5662,1
5667,1
5672,1
5677,1
5682,1
5687,1
5692,1
5697,1
5702,1
5707,1
5712,1
5717,1
5722,1
5727,1
5732,1
5737,1
5742,1
5747,1
5752,1
5757,1
5762,1
5767,1
5772,1
5777,1
5782,1
5787,1
5792,1
5797,1
5802,1
5807,1
5812,1
5817,1
5822,1
5827,1
5832,1
5837,1
5842,1
5847,1
5852,1
5857,1
5862,1
5867,1
5872,1
5877,1
5882,1
5887,1
5892,1
5897,1
5902,1
5907,1
5912,1
5917,1
5922,1
5927,1
5932,1
5937,1
5942,1
5947,1
5952,1
5957,1
5962,1
5967,1
5972,1
5977,1
5982,1
5987,1
5992,1
5997,1
6002,1
6007,1
6012,1
6017,1
6022,1
6027,1
6032,1
6037,1
6042,1
6047,1
6052,1
6057,1
6062,1
6067,1
6072,1
6077,1
6082,1
6087,1
6092,1
6097,1
6102,1
6107,1
6112,1
6117,1
6122,1
6127,1
6132,1
6137,1
6142,1
6147,1
6152,1
6157,1
6162,1
6167,1
6172,1
6177,1
6182,1
6187,1
6192,1
6197,1
6202,1
6207,1
6212,1
6217,1
6222,1
6227,1
6232,1
6237,1
6242,1
6247,1
6252,1
6257,1
6262,1
6267,1
6272,1
6277,1
6282,1
6287,1
6292,1
6297,1
6302,1
6307,1
6312,1
6317,1
6322,1
6327,1
6332,1
6337,1
6342,1
6347,1
6352,1
6357,1
6362,1
6367,1
6372,1
6377,1
6382,1
6387,1
6392,1
6397,1
6402,1
6407,1
6412,1
6417,1
6422,1
6427,1
6432,1
6437,1
6442,1
6447,1
6452,1
6457,1
6462,1
6467,1
6472,1
6477,1
6482,1
6487,1
6492,1
6497,1
6502,1
6507,1
6512,1
6517,1
6522,1
6527,1
6532,1
6537,1
6542,1
6547,1
6552,1
6557,1
6562,1
6567,1
6572,1
6577,1
6582,1
6587,1
6592,1
6597,1
6602,1
6607,1
6612,1
6617,1
6622,1
6627,1
6632,1
6637,1
6642,1
6647,1
6652,1
6657,1
6662,1
6667,1
6672,1
6677,1
6682,1
6687,1
6692,1
6697,1
6702,1
6707,1
6712,1
6717,1
6722,1
6727,1
6732,1
6737,1
6742,1
6747,1
6752,1
6757,1
6762,1
6767,1
6772,1
6777,1
6782,1
6787,1
6792,1
6797,1
6802,1
6807,1
6812,1
6817,1
6822,1
6827,1
6832,1
6837,1
6842,1
6847,1
6852,1
6857,1
6862,1
6867,1
6872,1
6877,1
6882,1
6887,1
6892,1
6897,1
6902,1
6907,1
6912,1
6917,1
6922,1
6927,1
6932,1
6937,1
6942,1
6947,1
6952,1
6957,1
6962,1
6967,1
6972,1
6977,1
6982,1
6987,1
6992,1
6997,1
7002,1
7007,1
7012,1
7017,1
7022,1
7027,1
7032,1
7037,1
7042,1
7047,1
7052,1
7057,1
7062,1
7067,1
7072,1
7077,1
7082,1
7087,1
7092,1
7097,1
7102,1
7107,1
7112,1
7117,1
7122,1
7127,1
7132,1
7137,1
7142,1
7147,1
7152,1
7157,1
7162,1
7167,1
7172,1
7177,1
7182,1
7187,1
7192,1
7197,1
7202,1
7207,1
7212,1
7217,1
7222,1
7227,1
7232,1
7237,1
7242,1
7247,1
7252,1
7257,1
7262,1
7267,1
7272,1
7277,1
7282,1
7287,1
7292,1
7297,1
7302,1
7307,1
7312,1
7317,1
7322,1
7327,1
7332,1
7337,1
7342,1
7347,1
7352,1
7357,1
7362,1
7367,1
7372,1
7377,1
7382,1
7387,1
7392,1
7397,1
7402,1
7407,1
7412,1
7417,1
7422,1
7427,1
7432,1
7437,1
7442,1
7447,1
7452,1
7457,1
7462,1
7467,1
7472,1
7477,1
7482,1
7487,1
7492,1
7497,1
7502,1
7507,1
7512,1
7517,1
7522,1
7527,1
7532,1
7537,1
7542,1
7547,1
7552,1
7557,1
7562,1
7567,1
7572,1
7577,1
7582,1
7587,1
7592,1
7597,1
7602,1
7607,1
7612,1
7617,1
7622,1
7627,1
7632,1
7637,1
7642,1
7647,1
7652,1
7657,1
7662,1
7667,1
7672,1
7677,1
7682,1
7687,1
7692,1
7697,1
7702,1
7707,1
7712,1
7717,1
7722,1
7727,1
7732,1
7737,1
7742,1
7747,1
7752,1
7757,1
7762,1
7767,1
7772,1
7777,1
7782,1
7787,1
7792,1
7797,1
7802,1
7807,1
7812,1
7817,1
7822,1
7827,1
7832,1
7837,1
7842,1
7847,1
7852,1
7857,1
7862,1
7867,1
7872,1
7877,1
7882,1
7887,1
7892,1
7897,1
7902,1
7907,1
7912,1
7917,1
7922,1
7927,1
7932,1
7937,1
7942,1
7947,1
7952,1
7957,1
7962,1
7967,1
7972,1
7977,1
7982,1
7987,1
7992,1
7997,1
8002,1
8007,1
8012,1
8017,1
8022,1
8027,1
8032,1
8037,1
8042,1
8047,1
8052,1
8057,1
8062,1
8067,1
8072,1
8077,1
8082,1
8087,1
8092,1
8097,1
8102,1
8107,1
8112,1
8117,1
8122,1
8127,1
8132,1
8137,1
8142,1
8147,1
8152,1
8157,1
8162,1
8167,1
8172,1
8177,1
8182,1
8187,1
8192,1
8197,1
8202,1
8207,1
8212,1
8217,1
8222,1
8227,1
8232,1
8237,1
8242,1
8247,1
8252,1
8257,1
8262,1
8267,1
8272,1
8277,1
8282,1
8287,1
8292,1
8297,1
8302,1
8307,1
8312,1
8317,1
8322,1
8327,1
8332,1
8337,1
8342,1
8347,1
8352,1
8357,1
8362,1
8367,1
8372,1
8377,1
8382,1
8387,1
8392,1
8397,1
8402,1
8407,1
8412,1
8417,1
8422,1
8427,1
8432,1
8437,1
8442,1
8447,1
8452,1
8457,1
8462,1
8467,1
8472,1
8477,1
8482,1
8487,1
8492,1
8497,1
8502,1
8507,1
8512,1
8517,1
8522,1
8527,1
8532,1
8537,1
8542,1
8547,1
8552,1
8557,1
8562,1
8567,1
8572,1
8577,1
8582,1
8587,1
8592,1
8597,1
8602,1
8607,1
8612,1
8617,1
8622,1
8627,1
8632,1
8637,1
8642,1
8647,1
8652,1
8657,1
8662,1
8667,1
8672,1
8677,1
8682,1
8687,1
8692,1
8697,1
8702,1
8707,1
8712,1
8717,1
8722,1
8727,1
8732,1
8737,1
8742,1
8747,1
8752,1
8757,1
8762,1
8767,1
8772,1
8777,1
8782,1
8787,1
8792,1
8797,1
8802,1
8807,1
8812,1
8817,1
8822,1
8827,1
8832,1
8837,1
8842,1
8847,1
8852,1
8857,1
8862,1
8867,1
8872,1
8877,1
8882,1
8887,1
8892,1
8897,1
8902,1
8907,1
8912,1
8917,1
8922,1
8927,1
8932,1
8937,1
8942,1
8947,1
8952,1
8957,1
8962,1
8967,1
8972,1
8977,1
8982,1
8987,1
8992,1
8997,1
9002,1
9007,1
9012,1
9017,1
9022,1
9027,1
9032,1
9037,1
9042,1
9047,1
9052,1
9057,1
9062,1
9067,1
9072,1
9077,1
9082,1
9087,1
9092,1
9097,1
9102,1
9107,1
9112,1
9117,1
9122,1
9127,1
9132,1
9137,1
9142,1
9147,1
9152,1
9157,1
9162,1
9167,1
9172,1
9177,1
9182,1
9187,1
9192,1
9197,1
9202,1
9207,1
9212,1
9217,1
9222,1
9227,1
9232,1
9237,1
9242,1
9247,1
9252,1
9257,1
9262,1
9267,1
9272,1
9277,1
9282,1
9287,1
9292,1
9297,1
9302,1
9307,1
9312,1
9317,1
9322,1
9327,1
9332,1
9337,1
9342,1
9347,1
9352,1
9357,1
9362,1
9367,1
9372,1
9377,1
9382,1
9387,1
9392,1
9397,1
9402,1
9407,1
9412,1
9417,1
9422,1
9427,1
9432,1
9437,1
9442,1
9447,1
9452,1
9457,1
9462,1
9467,1
9472,1
9477,1
9482,1
9487,1
9492,1
9497,1
9502,1
9507,1
9512,1
9517,1
9522,1
9527,1
9532,1
9537,1
9542,1
9547,1
9552,1
9557,1
9562,1
9567,1
9572,1
9577,1
9582,1
9587,1
9592,1
9597,1
9602,1
9607,1
9612,1
9617,1
9622,1
9627,1
9632,1
9637,1
9642,1
9647,1
9652,1
9657,1
9662,1
9667,1
9672,1
9677,1
9682,1
9687,1
9692,1
9697,1
9702,1
9707,1
9712,1
9717,1
9722,1
9727,1
9732,1
9737,1
9742,1
9747,1
9752,1
9757,1
9762,1
9767,1
9772,1
9777,1
9782,1
9787,1
9792,1
9797,1
9802,1
9807,1
9812,1
9817,1
9822,1
9827,1
9832,1
9837,1
9842,1
9847,1
9852,1
9857,1
9862,1
9867,1
9872,1
9877,1
9882,1
9887,1
9892,1
9897,1
9902,1
9907,1
9912,1
9917,1
9922,1
9927,1
9932,1
9937,1
9942,1
9947,1
9952,1
9957,1
9962,1
9967,1
9972,1
9977,1
9982,1
9987,1
9992,1
9997,1
10002,1
10007,1
10012,1
10017,1
10022,1
10027,1
10032,1
10037,1
10042,1
10047,1
10052,1
10057,1
10062,1
10067,1
10072,1
10077,1
10082,1
10087,1
10092,1
10097,1
10102,1
10107,1
10112,1
10117,1
10122,1
10127,1
10132,1
10137,1
10142,1
10147,1
10152,1
10157,1
10162,1
10167,1
10172,1
10177,1
10182,1
10187,1
10192,1
10197,1
10202,1
10207,1
10212,1
10217,1
10222,1
10227,1
10232,1
10237,1
10242,1
10247,1
10252,1
10257,1
10262,1
10267,1
10272,1
10277,1
10282,1
10287,1
10292,1
10297,1
10302,1
10307,1
10312,1
10317,1
10322,1
10327,1
10332,1
10337,1
10342,1
10347,1
10352,1
10357,1
10362,1
10367,1
10372,1
10377,1
10382,1
10387,1
10392,1
10397,1
10402,1
10407,1
10412,1
10417,1
10422,1
10427,1
10432,1
10437,1
10442,1
10447,1
10452,1
10457,1
10462,1
10467,1
10472,1
10477,1
10482,1
10487,1
10492,1
10497,1
10502,1
10507,1
10512,1
10517,1
10522,1
10527,1
10532,1
10537,1
10542,1
10547,1
10552,1
10557,1
10562,1
10567,1
10572,1
10577,1
10582,1
10587,1
10592,1
10597,1
10602,1
10607,1
10612,1
10617,1
10622,1
10627,1
10632,1
10637,1
10642,1
10647,1
10652,1
10657,1
10662,1
10667,1
10672,1
10677,1
10682,1
10687,1
10692,1
10697,1
10702,1
10707,1
10712,1
10717,1
10722,1
10727,1
10732,1
10737,1
10742,1
10747,1
10752,1
10757,1
10762,1
10767,1
10772,1
10777,1
10782,1
10787,1
10792,1
10797,1
10802,1
10807,1
10812,1
10817,1
10822,1
10827,1
10832,1
10837,1
10842,1
10847,1
10852,1
10857,1
10862,1
10867,1
10872,1
10877,1
10882,1
10887,1
10892,1
10897,1
10902,1
10907,1
10912,1
10917,1
10922,1
10927,1
10932,1
10937,1
10942,1
10947,1
10952,1
10957,1
10962,1
10967,1
10972,1
10977,1
10982,1
10987,1
10992,1
10997,1
11002,1
11007,1
11012,1
11017,1
11022,1
11027,1
11032,1
11037,1
11042,1
11047,1
11052,1
11057,1
11062,1
11067,1
11072,1
11077,1
11082,1
11087,1
11092,1
11097,1
11102,1
11107,1
11112,1
11117,1
11122,1
11127,1
11132,1
11137,1
11142,1
11147,1
11152,1
11157,1
11162,1
11167,1
11172,1
11177,1
11182,1
11187,1
11192,1
11197,1
11202,1
11207,1
11212,1
11217,1
11222,1
11227,1
11232,1
11237,1
11242,1
11247,1
11252,1
11257,1
11262,1
11267,1
11272,1
11277,1
11282,1
11287,1
11292,1
11297,1
11302,1
11307,1
11312,1
11317,1
11322,1
11327,1
11332,1
11337,1
11342,1
11347,1
11352,1
11357,1
11362,1
11367,1
11372,1
11377,1
11382,1
11387,1
11392,1
11397,1
11402,1
11407,1
11412,1
11417,1
11422,1
11427,1
11432,1
11437,1
11442,1
11447,1
11452,1
11457,1
11462,1
11467,1
11472,1
11477,1
11482,1
11487,1
11492,1
11497,1
11502,1
11507,1
11512,1
11517,1
11522,1
11527,1
11532,1
11537,1
11542,1
11547,1
11552,1
11557,1
11562,1
11567,1
11572,1
11577,1
11582,1
11587,1
11592,1
11597,1
11602,1
11607,1
11612,1
11617,1
11622,1
11627,1
11632,1
11637,1
11642,1
11647,1
11652,1
11657,1
11662,1
11667,1
11672,1
11677,1
11682,1
11687,1
11692,1
11697,1
11702,1
11707,1
11712,1
11717,1
11722,1
11727,1
11732,1
11737,1
11742,1
11747,1
11752,1
11757,1
11762,1
11767,1
11772,1
11777,1
11782,1
11787,1
11792,1
11797,1
11802,1
11807,1
11812,1
11817,1
11822,1
11827,1
11832,1
11837,1
11842,1
11847,1
11852,1
11857,1
11862,1
11867,1
11872,1
11877,1
11882,1
11887,1
11892,1
11897,1
11902,1
11907,1
11912,1
11917,1
11922,1
11927,1
11932,1
11937,1
11942,1
11947,1
11952,1
11957,1
11962,1
11967,1
11972,1
11977,1
11982,1
11987,1
11992,1
11997,1
12002,1
12007,1
12012,1
12017,1
12022,1
12027,1
12032,1
12037,1
12042,1
12047,1
12052,1
12057,1
12062,1
12067,1
12072,1
12077,1
12082,1
12087,1
12092,1
12097,1
12102,1
12107,1
12112,1
12117,1
12122,1
12127,1
12132,1
12137,1
12142,1
12147,1
12152,1
12157,1
12162,1
12167,1
12172,1
12177,1
12182,1
12187,1
12192,1
12197,1
12202,1
12207,1
12212,1
12217,1
12222,1
12227,1
12232,1
12237,1
12242,1
12247,1
12252,1
12257,1
12262,1
12267,1
12272,1
12277,1
12282,1
12287,1
12292,1
12297,1
12302,1
12307,1
12312,1
12317,1
12322,1
12327,1
12332,1
12337,1
12342,1
12347,1
12352,1
12357,1
12362,1
12367,1
12372,1
12377,1
12382,1
12387,1
12392,1
12397,1
12402,1
12407,1
12412,1
12417,1
12422,1
12427,1
12432,1
12437,1
12442,1
12447,1
12452,1
12457,1
12462,1
12467,1
12472,1
12477,1
12482,1
12487,1
12492,1
12497,1
12502,1
12507,1
12512,1
12517,1
12522,1
12527,1
12532,1
12537,1
12542,1
12547,1
12552,1
12557,1
12562,1
12567,1
12572,1
12577,1
12582,1
12587,1
12592,1
12597,1
12602,1
12607,1
12612,1
12617,1
12622,1
12627,1
12632,1
12637,1
12642,1
12647,1
12652,1
12657,1
12662,1
12667,1
12672,1
12677,1
12682,1
12687,1
12692,1
12697,1
12702,1
12707,1
12712,1
12717,1
12722,1
12727,1
12732,1
12737,1
12742,1
12747,1
12752,1
12757,1
12762,1
12767,1
12772,1
12777,1
12782,1
12787,1
12792,1
12797,1
12802,1
12807,1
12812,1
12817,1
12822,1
12827,1
12832,1
12837,1
12842,1
12847,1
12852,1
12857,1
12862,1
12867,1
12872,1
12877,1
12882,1
12887,1
12892,1
12897,1
12902,1
12907,1
12912,1
12917,1
12922,1
12927,1
12932,1
12937,1
12942,1
12947,1
12952,1
12957,1
12962,1
12967,1
12972,1
12977,1
12982,1
12987,1
12992,1
12997,1
13002,1
13007,1
13012,1
13017,1
13022,1
13027,1
13032,1
13037,1
13042,1
13047,1
13052,1
13057,1
13062,1
13067,1
13072,1
13077,1
13082,1
13087,1
13092,1
13097,1
13102,1
13107,1
13112,1
13117,1
13122,1
13127,1
13132,1
13137,1
13142,1
13147,1
13152,1
13157,1
13162,1
13167,1
13172,1
13177,1
13182,1
13187,1
13192,1
13197,1
13202,1
13207,1
13212,1
13217,1
13222,1
13227,1
13232,1
13237,1
13242,1
13247,1
13252,1
13257,1
13262,1
13267,1
13272,1
13277,1
13282,1
13287,1
13292,1
13297,1
13302,1
13307,1
13312,1
13317,1
13322,1
13327,1
13332,1
13337,1
13342,1
13347,1
13352,1
13357,1
13362,1
13367,1
13372,1
13377,1
13382,1
13387,1
13392,1
13397,1
13402,1
13407,1
13412,1
13417,1
13422,1
13427,1
13432,1
13437,1
13442,1
13447,1
13452,1
13457,1
13462,1
13467,1
13472,1
13477,1
13482,1
13487,1
13492,1
13497,1
13502,1
13507,1
13512,1
13517,1
13522,1
13527,1
13532,1
13537,1
13542,1
13547,1
13552,1
13557,1
13562,1
13567,1
13572,1
13577,1
13582,1
13587,1
13592,1
13597,1
13602,1
13607,1
13612,1
13617,1
13622,1
13627,1
13632,1
13637,1
13642,1
13647,1
13652,1
13657,1
13662,1
13667,1
13672,1
13677,1
13682,1
13687,1
13692,1
13697,1
13702,1
13707,1
13712,1
13717,1
13722,1
13727,1
13732,1
13737,1
13742,1
13747,1
13752,1
13757,1
13762,1
13767,1
13772,1
13777,1
13782,1
13787,1
13792,1
13797,1
13802,1
13807,1
13812,1
13817,1
13822,1
13827,1
13832,1
13837,1
13842,1
13847,1
13852,1
13857,1
13862,1
13867,1
13872,1
13877,1
13882,1
13887,1
13892,1
13897,1
13902,1
13907,1
13912,1
13917,1
13922,1
13927,1
13932,1
13937,1
13942,1
13947,1
13952,1
13957,1
13962,1
13967,1
13972,1
13977,1
13982,1
13987,1
13992,1
13997,1
14002,1
14007,1
14012,1
14017,1
14022,1
14027,1
14032,1
14037,1
14042,1
14047,1
14052,1
14057,1
14062,1
14067,1
14072,1
14077,1
14082,1
14087,1
14092,1
14097,1
14102,1
14107,1
14112,1
14117,1
14122,1
14127,1
14132,1
14137,1
14142,1
14147,1
14152,1
14157,1
14162,1
14167,1
14172,1
14177,1
14182,1
14187,1
14192,1
14197,1
14202,1
14207,1
14212,1
14217,1
14222,1
14227,1
14232,1
14237,1
14242,1
14247,1
14252,1
14257,1
14262,1
14267,1
14272,1
14277,1
14282,1
14287,1
14292,1
14297,1
14302,1
14307,1
14312,1
14317,1
14322,1
14327,1
14332,1
14337,1
14342,1
14347,1
14352,1
14357,1
14362,1
14367,1
14372,1
14377,1
14382,1
14387,1
14392,1
14397,1
14402,1
14407,1
14412,1
14417,1
14422,1
14427,1
14432,1
14437,1
14442,1
14447,1
14452,1
14457,1
14462,1
14467,1
14472,1
14477,1
14482,1
14487,1
14492,1
14497,1
14502,1
14507,1
14512,1
14517,1
14522,1
14527,1
14532,1
14537,1
14542,1
14547,1
14552,1
14557,1
14562,1
14567,1
14572,1
14577,1
14582,1
14587,1
14592,1
14597,1
14602,1
14607,1
14612,1
14617,1
14622,1
14627,1
14632,1
14637,1
14642,1
14647,1
14652,1
14657,1
14662,1
14667,1
14672,1
14677,1
14682,1
14687,1
14692,1
14697,1
14702,1
14707,1
14712,1
14717,1
14722,1
14727,1
14732,1
14737,1
14742,1
14747,1
14752,1
14757,1
14762,1
14767,1
14772,1
14777,1
14782,1
14787,1
14792,1
14797,1
14802,1
14807,1
14812,1
14817,1
14822,1
14827,1
14832,1
14837,1
14842,1
14847,1
14852,1
14857,1
14862,1
14867,1
14872,1
14877,1
14882,1
14887,1
14892,1
14897,1
14902,1
14907,1
14912,1
14917,1
14922,1
14927,1
14932,1
14937,1
14942,1
14947,1
14952,1
14957,1
14962,1
14967,1
14972,1
14977,1
14982,1
14987,1
14992,1
14997,1
15002,1
15007,1
15012,1
15017,1
15022,1
15027,1
15032,1
15037,1
15042,1
15047,1
15052,1
15057,1
15062,1
15067,1
15072,1
15077,1
15082,1
15087,1
15092,1
15097,1
15102,1
15107,1
15112,1
15117,1
15122,1
15127,1
15132,1
15137,1
15142,1
15147,1
15152,1
15157,1
15162,1
15167,1
15172,1
15177,1
15182,1
15187,1
15192,1
15197,1
15202,1
15207,1
15212,1
15217,1
15222,1
15227,1
15232,1
15237,1
15242,1
15247,1
15252,1
15257,1
15262,1
15267,1
15272,1
15277,1
15282,1
15287,1
15292,1
15297,1
15302,1
15307,1
15312,1
15317,1
15322,1
15327,1
15332,1
15337,1
15342,1
15347,1
15352,1
15357,1
15362,1
15367,1
15372,1
15377,1
15382,1
15387,1
15392,1
15397,1
15402,1
15407,1
15412,1
15417,1
15422,1
15427,1
15432,1
15437,1
15442,1
15447,1
15452,1
15457,1
15462,1
15467,1
15472,1
15477,1
15482,1
15487,1
15492,1
15497,1
15502,1
15507,1
15512,1
15517,1
15522,1
15527,1
15532,1
15537,1
15542,1
15547,1
15552,1
15557,1
15562,1
15567,1
15572,1
15577,1
15582,1
15587,1
15592,1
15597,1
15602,1
15607,1
15612,1
15617,1
15622,1
15627,1
15632,1
15637,1
15642,1
15647,1
15652,1
15657,1
15662,1
15667,1
15672,1
15677,1
15682,1
15687,1
15692,1
15697,1
15702,1
15707,1
15712,1
15717,1
15722,1
15727,1
15732,1
15737,1
15742,1
15747,1
15752,1
15757,1
15762,1
15767,1
15772,1
15777,1
15782,1
15787,1
15792,1
15797,1
15802,1
15807,1
15812,1
15817,1
15822,1
15827,1
15832,1
15837,1
15842,1
15847,1
15852,1
15857,1
15862,1
15867,1
15872,1
15877,1
15882,1
15887,1
15892,1
15897,1
15902,1
15907,1
15912,1
15917,1
15922,1
15927,1
15932,1
15937,1
15942,1
15947,1
15952,1
15957,1
15962,1
15967,1
15972,1
15977,1
15982,1
15987,1
15992,1
15997,1
16002,1
16007,1
16012,1
16017,1
16022,1
16027,1
16032,1
16037,1
16042,1
16047,1
16052,1
16057,1
16062,1
16067,1
16072,1
16077,1
16082,1
16087,1
16092,1
16097,1
16102,1
16107,1
16112,1
16117,1
16122,1
16127,1
16132,1
16137,1
16142,1
16147,1
16152,1
16157,1
16162,1
16167,1
16172,1
16177,1
16182,1
16187,1
16192,1
16197,1
16202,1
16207,1
16212,1
16217,1
16222,1
16227,1
16232,1
16237,1
16242,1
16247,1
16252,1
16257,1
16262,1
16267,1
16272,1
16277,1
16282,1
16287,1
16292,1
16297,1
16302,1
16307,1
16312,1
16317,1
16322,1
16327,1
16332,1
16337,1
16342,1
16347,1
16352,1
16357,1
16362,1
16367,1
16372,1
16377,1
16382,1
16387,1
16392,1
16397,1
16402,1
16407,1
16412,1
16417,1
16422,1
16427,1
16432,1
16437,1
16442,1
16447,1
16452,1
16457,1
16462,1
16467,1
16472,1
16477,1
16482,1
16487,1
16492,1
16497,1
16502,1
16507,1
16512,1
16517,1
16522,1
16527,1
16532,1
16537,1
16542,1
16547,1
16552,1
16557,1
16562,1
16567,1
16572,1
16577,1
16582,1
16587,1
16592,1
16597,1
16602,1
16607,1
16612,1
16617,1
16622,1
16627,1
16632,1
16637,1
16642,1
16647,1
16652,1
16657,1
16662,1
16667,1
16672,1
16677,1
16682,1
16687,1
16692,1
16697,1
16702,1
16707,1
16712,1
16717,1
16722,1
16727,1
16732,1
16737,1
16742,1
16747,1
16752,1
16757,1
16762,1
16767,1
16772,1
16777,1
16782,1
16787,1
16792,1
16797,1
16802,1
16807,1
16812,1
16817,1
16822,1
16827,1
16832,1
16837,1
16842,1
16847,1
16852,1
16857,1
16862,1
16867,1
16872,1
16877,1
16882,1
16887,1
16892,1
16897,1
16902,1
16907,1
16912,1
16917,1
16922,1
16927,1
16932,1
16937,1
16942,1
16947,1
16952,1
16957,1
16962,1
16967,1
16972,1
16977,1
16982,1
16987,1
16992,1
16997,1
17002,1
17007,1
17012,1
17017,1
17022,1
17027,1
17032,1
17037,1
17042,1
17047,1
17052,1
17057,1
17062,1
17067,1
17072,1
17077,1
17082,1
17087,1
17092,1
17097,1
17102,1
17107,1
17112,1
17117,1
17122,1
17127,1
17132,1
17137,1
17142,1
17147,1
17152,1
17157,1
17162,1
17167,1
17172,1
17177,1
17182,1
17187,1
17192,1
17197,1
17202,1
17207,1
17212,1
17217,1
17222,1
17227,1
17232,1
17237,1
17242,1
17247,1
17252,1
17257,1
17262,1
17267,1
17272,1
17277,1
17282,1
17287,1
17292,1
17297,1
17302,1
17307,1
17312,1
17317,1
17322,1
17327,1
17332,1
17337,1
17342,1
17347,1
17352,1
17357,1
17362,1
17367,1
17372,1
17377,1
17382,1
17387,1
17392,1
17397,1
17402,1
17407,1
17412,1
17417,1
17422,1
17427,1
17432,1
17437,1
17442,1
17447,1
17452,1
17457,1
17462,1
17467,1
17472,1
17477,1
17482,1
17487,1
17492,1
17497,1
17502,1
17507,1
17512,1
17517,1
17522,1
17527,1
17532,1
17537,1
17542,1
17547,1
17552,1
17557,1
17562,1
17567,1
17572,1
17577,1
17582,1
17587,1
17592,1
17597,1
17602,1
17607,1
17612,1
17617,1
17622,1
17627,1
17632,1
17637,1
17642,1
17647,1
17652,1
17657,1
17662,1
17667,1
17672,1
17677,1
17682,1
17687,1
17692,1
17697,1
17702,1
17707,1
17712,1
17717,1
17722,1
17727,1
17732,1
17737,1
17742,1
17747,1
17752,1
17757,1
17762,1
17767,1
17772,1
17777,1
17782,1
17787,1
17792,1
17797,1
17802,1
17807,1
17812,1
17817,1
17822,1
17827,1
17832,1
17837,1
17842,1
17847,1
17852,1
17857,1
17862,1
17867,1
17872,1
17877,1
17882,1
17887,1
17892,1
17897,1
17902,1
17907,1
17912,1
17917,1
17922,1
17927,1
17932,1
17937,1
17942,1
17947,1
17952,1
17957,1
17962,1
17967,1
17972,1
17977,1
17982,1
17987,1
17992,1
17997,1
18002,1
18007,1
18012,1
18017,1
18022,1
18027,1
18032,1
18037,1
18042,1
18047,1
18052,1
18057,1
18062,1
18067,1
18072,1
18077,1
18082,1
18087,1
18092,1
18097,1
18102,1
18107,1
18112,1
18117,1
18122,1
18127,1
18132,1
18137,1
18142,1
18147,1
18152,1
18157,1
18162,1
18167,1
18172,1
18177,1
18182,1
18187,1
18192,1
18197,1
18202,1
18207,1
18212,1
18217,1
18222,1
18227,1
18232,1
18237,1
18242,1
18247,1
18252,1
18257,1
18262,1
18267,1
18272,1
18277,1
18282,1
18287,1
18292,1
18297,1
18302,1
18307,1
18312,1
18317,1
18322,1
18327,1
18332,1
18337,1
18342,1
18347,1
18352,1
18357,1
18362,1
18367,1
18372,1
18377,1
18382,1
18387,1
18392,1
18397,1
18402,1
18407,1
18412,1
18417,1
18422,1
18427,1
18432,1
18437,1
18442,1
18447,1
18452,1
18457,1
18462,1
18467,1
18472,1
18477,1
18482,1
18487,1
18492,1
18497,1
18502,1
18507,1
18512,1
18517,1
18522,1
18527,1
18532,1
18537,1
18542,1
18547,1
18552,1
18557,1
18562,1
18567,1
18572,1
18577,1
18582,1
18587,1
18592,1
18597,1
18602,1
18607,1
18612,1
18617,1
18622,1
18627,1
18632,1
18637,1
18642,1
18647,1
18652,1
18657,1
18662,1
18667,1
18672,1
18677,1
18682,1
18687,1
18692,1
18697,1
18702,1
18707,1
18712,1
18717,1
18722,1
18727,1
18732,1
18737,1
18742,1
18747,1
18752,1
18757,1
18762,1
18767,1
18772,1
18777,1
18782,1
18787,1
18792,1
18797,1
18802,1
18807,1
18812,1
18817,1
18822,1
18827,1
18832,1
18837,1
18842,1
18847,1
18852,1
18857,1
18862,1
18867,1
18872,1
18877,1
18882,1
18887,1
18892,1
18897,1
18902,1
18907,1
18912,1
18917,1
18922,1
18927,1
18932,1
18937,1
18942,1
18947,1
18952,1
18957,1
18962,1
18967,1
18972,1
18977,1
18982,1
18987,1
18992,1
18997,1
19002,1
19007,1
19012,1
19017,1
19022,1
19027,1
19032,1
19037,1
19042,1
19047,1
19052,1
19057,1
19062,1
19067,1
19072,1
19077,1
19082,1
19087,1
19092,1
19097,1
19102,1
19107,1
19112,1
19117,1
19122,1
19127,1
19132,1
19137,1
19142,1
19147,1
19152,1
19157,1
19162,1
19167,1
19172,1
19177,1
19182,1
19187,1
19192,1
19197,1
19202,1
19207,1
19212,1
19217,1
19222,1
19227,1
19232,1
19237,1
19242,1
19247,1
19252,1
19257,1
19262,1
19267,1
19272,1
19277,1
19282,1
19287,1
19292,1
19297,1
19302,1
19307,1
19312,1
19317,1
19322,1
19327,1
19332,1
19337,1
19342,1
19347,1
19352,1
19357,1
19362,1
19367,1
19372,1
19377,1
19382,1
19387,1
19392,1
19397,1
19402,1
19407,1
19412,1
19417,1
19422,1
19427,1
19432,1
19437,1
19442,1
19447,1
19452,1
19457,1
19462,1
19467,1
19472,1
19477,1
19482,1
19487,1
19492,1
19497,1
19502,1
19507,1
19512,1
19517,1
19522,1
19527,1
19532,1
19537,1
19542,1
19547,1
19552,1
19557,1
19562,1
19567,1
19572,1
19577,1
19582,1
19587,1
19592,1
19597,1
19602,1
19607,1
19612,1
19617,1
19622,1
19627,1
19632,1
19637,1
19642,1
19647,1
19652,1
19657,1
19662,1
19667,1
19672,1
19677,1
19682,1
19687,1
19692,1
19697,1
19702,1
19707,1
19712,1
19717,1
19722,1
19727,1
19732,1
19737,1
19742,1
19747,1
19752,1
19757,1
19762,1
19767,1
19772,1
19777,1
19782,1
19787,1
19792,1
19797,1
19802,1
19807,1
19812,1
19817,1
19822,1
19827,1
19832,1
19837,1
19842,1
19847,1
19852,1
19857,1
19862,1
19867,1
19872,1
19877,1
19882,1
19887,1
19892,1
19897,1
19902,1
19907,1
19912,1
19917,1
19922,1
19927,1
19932,1
19937,1
19942,1
19947,1
19952,1
19957,1
19962,1
19967,1
19972,1
19977,1
19982,1
19987,1
19992,1
19997,1
20002,1
20007,1
20012,1
20017,1
20022,1
20027,1
20032,1
20037,1
20042,1
20047,1
20052,1
20057,1
20062,1
20067,1
20072,1
20077,1
20082,1
20087,1
20092,1
20097,1
20102,1
20107,1
20112,1
20117,1
20122,1
20127,1
20132,1
20137,1
20142,1
20147,1
20152,1
20157,1
20162,1
20167,1
20172,1
20177,1
20182,1
20187,1
20192,1
20197,1
20202,1
20207,1
20212,1
20217,1
20222,1
20227,1
20232,1
20237,1
20242,1
20247,1
20252,1
20257,1
20262,1
20267,1
20272,1
20277,1
20282,1
20287,1
20292,1
20297,1
20302,1
20307,1
20312,1
20317,1
20322,1
20327,1
20332,1
20337,1
20342,1
20347,1
20352,1
20357,1
20362,1
20367,1
20372,1
20377,1
20382,1
20387,1
20392,1
20397,1
20402,1
20407,1
20412,1
20417,1
20422,1
20427,1
20432,1
20437,1
20442,1
20447,1
20452,1
20457,1
20462,1
20467,1
20472,1
20477,1
20482,1
20487,1
20492,1
20497,1
20502,1
20507,1
20512,1
20517,1
20522,1
20527,1
20532,1
20537,1
20542,1
20547,1
20552,1
20557,1
20562,1
20567,1
20572,1
20577,1
20582,1
20587,1
20592,1
20597,1
20602,1
20607,1
20612,1
20617,1
20622,1
20627,1
20632,1
20637,1
20642,1
20647,1
20652,1
20657,1
20662,1
20667,1
20672,1
20677,1
20682,1
20687,1
20692,1
20697,1
20702,1
20707,1
20712,1
20717,1
20722,1
20727,1
20732,1
20737,1
20742,1
20747,1
20752,1
20757,1
20762,1
20767,1
20772,1
20777,1
20782,1
20787,1
20792,1
20797,1
20802,1
20807,1
20812,1
20817,1
20822,1
20827,1
20832,1
20837,1
20842,1
20847,1
20852,1
20857,1
20862,1
20867,1
20872,1
20877,1
20882,1
20887,1
20892,1
20897,1
20902,1
20907,1
20912,1
20917,1
20922,1
20927,1
20932,1
20937,1
20942,1
20947,1
20952,1
20957,1
20962,1
20967,1
20972,1
20977,1
20982,1
20987,1
20992,1
20997,1
21002,1
21007,1
21012,1
21017,1
21022,1
21027,1
21032,1
21037,1
21042,1
21047,1
21052,1
21057,1
21062,1
21067,1
21072,1
21077,1
21082,1
21087,1
21092,1
21097,1
21102,1
21107,1
21112,1
21117,1
21122,1
21127,1
21132,1
21137,1
21142,1
21147,1
21152,1
21157,1
21162,1
21167,1
21172,1
21177,1
21182,1
21187,1
21192,1
21197,1
21202,1
21207,1
21212,1
21217,1
21222,1
21227,1
21232,1
21237,1
21242,1
21247,1
21252,1
21257,1
21262,1
21267,1
21272,1
21277,1
21282,1
21287,1
21292,1
21297,1
21302,1
21307,1
21312,1
21317,1
21322,1
21327,1
21332,1
21337,1
21342,1
21347,1
21352,1
21357,1
21362,1
21367,1
21372,1
21377,1
21382,1
21387,1
21392,1
21397,1
21402,1
21407,1
21412,1
21417,1
21422,1
21427,1
21432,1
21437,1
21442,1
21447,1
21452,1
21457,1
21462,1
21467,1
21472,1
21477,1
21482,1
21487,1
21492,1
21497,1
21502,1
21507,1
21512,1
21517,1
21522,1
21527,1
21532,1
21537,1
21542,1
21547,1
21552,1
21557,1
21562,1
21567,1
21572,1
21577,1
21582,1
21587,1
21592,1
21597,1
21602,1
21607,1
21612,1
21617,1
21622,1
21627,1
21632,1
21637,1
21642,1
21647,1
21652,1
21657,1
21662,1
21667,1
21672,1
21677,1
21682,1
21687,1
21692,1
21697,1
21702,1
21707,1
21712,1
21717,1
21722,1
21727,1
21732,1
21737,1
21742,1
21747,1
21752,1
21757,1
21762,1
21767,1
21772,1
21777,1
21782,1
21787,1
21792,1
21797,1
21802,1
21807,1
21812,1
21817,1
21822,1
21827,1
21832,1
21837,1
21842,1
21847,1
21852,1
21857,1
21862,1
21867,1
21872,1
21877,1
21882,1
21887,1
21892,1
21897,1
21902,1
21907,1
21912,1
21917,1
21922,1
21927,1
21932,1
21937,1
21942,1
21947,1
21952,1
21957,1
21962,1
21967,1
21972,1
21977,1
21982,1
21987,1
21992,1
21997,1
22002,1
22007,1
22012,1
22017,1
22022,1
22027,1
22032,1
22037,1
22042,1
22047,1
22052,1
22057,1
22062,1
22067,1
22072,1
22077,1
22082,1
22087,1
22092,1
22097,1
22102,1
22107,1
22112,1
22117,1
22122,1
22127,1
22132,1
22137,1
22142,1
22147,1
22152,1
22157,1
22162,1
22167,1
22172,1
22177,1
22182,1
22187,1
22192,1
22197,1
22202,1
22207,1
22212,1
22217,1
22222,1
22227,1
22232,1
22237,1
22242,1
22247,1
22252,1
22257,1
22262,1
22267,1
22272,1
22277,1
22282,1
22287,1
22292,1
22297,1
22302,1
22307,1
22312,1
22317,1
22322,1
22327,1
22332,1
22337,1
22342,1
22347,1
22352,1
22357,1
22362,1
22367,1
22372,1
22377,1
22382,1
22387,1
22392,1
22397,1
22402,1
22407,1
22412,1
22417,1
22422,1
22427,1
22432,1
22437,1
22442,1
22447,1
22452,1
22457,1
22462,1
22467,1
22472,1
22477,1
22482,1
22487,1
22492,1
22497,1
22502,1
22507,1
22512,1
22517,1
22522,1
22527,1
22532,1
22537,1
22542,1
22547,1
22552,1
22557,1
22562,1
22567,1
22572,1
22577,1
22582,1
22587,1
22592,1
22597,1
22602,1
22607,1
22612,1
22617,1
22622,1
22627,1
22632,1
22637,1
22642,1
22647,1
22652,1
22657,1
22662,1
22667,1
22672,1
22677,1
22682,1
22687,1
22692,1
22697,1
22702,1
22707,1
22712,1
22717,1
22722,1
22727,1
22732,1
22737,1
22742,1
22747,1
22752,1
22757,1
22762,1
22767,1
22772,1
22777,1
22782,1
22787,1
22792,1
22797,1
22802,1
22807,1
22812,1
22817,1
22822,1
22827,1
22832,1
22837,1
22842,1
22847,1
22852,1
22857,1
22862,1
22867,1
22872,1
22877,1
22882,1
22887,1
22892,1
22897,1
22902,1
22907,1
22912,1
22917,1
22922,1
22927,1
22932,1
22937,1
22942,1
22947,1
22952,1
22957,1
22962,1
22967,1
22972,1
22977,1
22982,1
22987,1
22992,1
22997,1
23002,1
23007,1
23012,1
23017,1
23022,1
23027,1
23032,1
23037,1
23042,1
23047,1
23052,1
23057,1
23062,1
23067,1
23072,1
23077,1
23082,1
23087,1
23092,1
23097,1
23102,1
23107,1
23112,1
23117,1
23122,1
23127,1
23132,1
23137,1
23142,1
23147,1
23152,1
23157,1
23162,1
23167,1
23172,1
23177,1
23182,1
23187,1
23192,1
23197,1
23202,1
23207,1
23212,1
23217,1
23222,1
23227,1
23232,1
23237,1
23242,1
23247,1
23252,1
23257,1
23262,1
23267,1
23272,1
23277,1
23282,1
23287,1
23292,1
23297,1
23302,1
23307,1
23312,1
23317,1
23322,1
23327,1
23332,1
23337,1
23342,1
23347,1
23352,1
23357,1
23362,1
23367,1
23372,1
23377,1
23382,1
23387,1
23392,1
23397,1
23402,1
23407,1
23412,1
23417,1
23422,1
23427,1
23432,1
23437,1
23442,1
23447,1
23452,1
23457,1
23462,1
23467,1
23472,1
23477,1
23482,1
23487,1
23492,1
23497,1
23502,1
23507,1
23512,1
23517,1
23522,1
23527,1
23532,1
23537,1
23542,1
23547,1
23552,1
23557,1
23562,1
23567,1
23572,1
23577,1
23582,1
23587,1
23592,1
23597,1
23602,1
23607,1
23612,1
23617,1
23622,1
23627,1
23632,1
23637,1
23642,1
23647,1
23652,1
23657,1
23662,1
23667,1
23672,1
23677,1
23682,1
23687,1
23692,1
23697,1
23702,1
23707,1
23712,1
23717,1
23722,1
23727,1
23732,1
23737,1
23742,1
23747,1
23752,1
23757,1
23762,1
23767,1
23772,1
23777,1
23782,1
23787,1
23792,1
23797,1
23802,1
23807,1
23812,1
23817,1
23822,1
23827,1
23832,1
23837,1
23842,1
23847,1
23852,1
23857,1
23862,1
23867,1
23872,1
23877,1
23882,1
23887,1
23892,1
23897,1
23902,1
23907,1
23912,1
23917,1
23922,1
23927,1
23932,1
23937,1
23942,1
23947,1
23952,1
23957,1
23962,1
23967,1
23972,1
23977,1
23982,1
23987,1
23992,1
23997,1
24002,1
24007,1
24012,1
24017,1
24022,1
24027,1
24032,1
24037,1
24042,1
24047,1
24052,1
24057,1
24062,1
24067,1
24072,1
24077,1
24082,1
24087,1
24092,1
24097,1
24102,1
24107,1
24112,1
24117,1
24122,1
24127,1
24132,1
24137,1
24142,1
24147,1
24152,1
24157,1
24162,1
24167,1
24172,1
24177,1
24182,1
24187,1
24192,1
24197,1
24202,1
24207,1
24212,1
24217,1
24222,1
24227,1
24232,1
24237,1
24242,1
24247,1
24252,1
24257,1
24262,1
24267,1
24272,1
24277,1
24282,1
24287,1
24292,1
24297,1
24302,1
24307,1
24312,1
24317,1
24322,1
24327,1
24332,1
24337,1
24342,1
24347,1
24352,1
24357,1
24362,1
24367,1
24372,1
24377,1
24382,1
24387,1
24392,1
24397,1
24402,1
24407,1
24412,1
24417,1
24422,1
24427,1
24432,1
24437,1
24442,1
24447,1
24452,1
24457,1
24462,1
24467,1
24472,1
24477,1
24482,1
24487,1
24492,1
24497,1
24502,1
24507,1
24512,1
24517,1
24522,1
24527,1
24532,1
24537,1
24542,1
24547,1
24552,1
24557,1
24562,1
24567,1
24572,1
24577,1
24582,1
24587,1
24592,1
24597,1
24602,1
24607,1
24612,1
24617,1
24622,1
24627,1
24632,1
24637,1
24642,1
24647,1
24652,1
24657,1
24662,1
24667,1
24672,1
24677,1
24682,1
24687,1
24692,1
24697,1
24702,1
24707,1
24712,1
24717,1
24722,1
24727,1
24732,1
24737,1
24742,1
24747,1
24752,1
24757,1
24762,1
24767,1
24772,1
24777,1
24782,1
24787,1
24792,1
24797,1
24802,1
24807,1
24812,1
24817,1
24822,1
24827,1
24832,1
24837,1
24842,1
24847,1
24852,1
24857,1
24862,1
24867,1
24872,1
24877,1
24882,1
24887,1
24892,1
24897,1
24902,1
24907,1
24912,1
24917,1
24922,1
24927,1
24932,1
24937,1
24942,1
24947,1
24952,1
24957,1
24962,1
24967,1
24972,1
24977,1
24982,1
24987,1
24992,1
24997,1
25002,1
25007,1
25012,1
25017,1
25022,1
25027,1
25032,1
25037,1
25042,1
25047,1
25052,1
25057,1
25062,1
25067,1
25072,1
25077,1
25082,1
25087,1
25092,1
25097,1
25102,1
25107,1
25112,1
25117,1
25122,1
25127,1
25132,1
25137,1
25142,1
25147,1
25152,1
25157,1
25162,1
25167,1
25172,1
25177,1
25182,1
25187,1
25192,1
25197,1
25202,1
25207,1
25212,1
25217,1
25222,1
25227,1
25232,1
25237,1
25242,1
25247,1
25252,1
25257,1
25262,1
25267,1
25272,1
25277,1
25282,1
25287,1
25292,1
25297,1
25302,1
25307,1
25312,1
25317,1
25322,1
25327,1
25332,1
25337,1
25342,1
25347,1
25352,1
25357,1
25362,1
25367,1
25372,1
25377,1
25382,1
25387,1
25392,1
25397,1
25402,1
25407,1
25412,1
25417,1
25422,1
25427,1
25432,1
25437,1
25442,1
25447,1
25452,1
25457,1
25462,1
25467,1
25472,1
25477,1
25482,1
25487,1
25492,1
25497,1
25502,1
25507,1
25512,1
25517,1
25522,1
25527,1
25532,1
25537,1
25542,1
25547,1
25552,1
25557,1
25562,1
25567,1
25572,1
25577,1
25582,1
25587,1
25592,1
25597,1
25602,1
25607,1
25612,1
25617,1
25622,1
25627,1
25632,1
25637,1
25642,1
25647,1
25652,1
25657,1
25662,1
25667,1
25672,1
25677,1
25682,1
25687,1
25692,1
25697,1
25702,1
25707,1
25712,1
25717,1
25722,1
25727,1
25732,1
25737,1
25742,1
25747,1
25752,1
25757,1
25762,1
25767,1
25772,1
25777,1
25782,1
25787,1
25792,1
25797,1
25802,1
25807,1
25812,1
25817,1
25822,1
25827,1
25832,1
25837,1
25842,1
25847,1
25852,1
25857,1
25862,1
25867,1
25872,1
25877,1
25882,1
25887,1
25892,1
25897,1
25902,1
25907,1
25912,1
25917,1
25922,1
25927,1
25932,1
25937,1
25942,1
25947,1
25952,1
25957,1
25962,1
25967,1
25972,1
25977,1
25982,1
25987,1
25992,1
25997,1
26002,1
26007,1
26012,1
26017,1
26022,1
26027,1
26032,1
26037,1
26042,1
26047,1
26052,1
26057,1
26062,1
26067,1
26072,1
26077,1
26082,1
26087,1
26092,1
26097,1
26102,1
26107,1
26112,1
26117,1
26122,1
26127,1
26132,1
26137,1
26142,1
26147,1
26152,1
26157,1
26162,1
26167,1
26172,1
26177,1
26182,1
26187,1
26192,1
26197,1
26202,1
26207,1
26212,1
26217,1
26222,1
26227,1
26232,1
26237,1
26242,1
26247,1
26252,1
26257,1
26262,1
26267,1
26272,1
26277,1
26282,1
26287,1
26292,1
26297,1
26302,1
26307,1
26312,1
26317,1
26322,1
26327,1
26332,1
26337,1
26342,1
26347,1
26352,1
26357,1
26362,1
26367,1
26372,1
26377,1
26382,1
26387,1
26392,1
26397,1
26402,1
26407,1
26412,1
26417,1
26422,1
26427,1
26432,1
26437,1
26442,1
26447,1
26452,1
26457,1
26462,1
26467,1
26472,1
26477,1
26482,1
26487,1
26492,1
26497,1
26502,1
26507,1
26512,1
26517,1
26522,1
26527,1
26532,1
26537,1
26542,1
26547,1
26552,1
26557,1
26562,1
26567,1
26572,1
26577,1
26582,1
26587,1
26592,1
26597,1
26602,1
26607,1
26612,1
26617,1
26622,1
26627,1
26632,1
26637,1
26642,1
26647,1
26652,1
26657,1
26662,1
26667,1
26672,1
26677,1
26682,1
26687,1
26692,1
26697,1
26702,1
26707,1
26712,1
26717,1
26722,1
26727,1
26732,1
26737,1
26742,1
26747,1
26752,1
26757,1
26762,1
26767,1
26772,1
26777,1
26782,1
26787,1
26792,1
26797,1
26802,1
26807,1
26812,1
26817,1
26822,1
26827,1
26832,1
26837,1
26842,1
26847,1
26852,1
26857,1
26862,1
26867,1
26872,1
26877,1
26882,1
26887,1
26892,1
26897,1
26902,1
26907,1
26912,1
26917,1
26922,1
26927,1
26932,1
26937,1
26942,1
26947,1
26952,1
26957,1
26962,1
26967,1
26972,1
26977,1
26982,1
26987,1
26992,1
26997,1
27002,1
27007,1
27012,1
27017,1
27022,1
27027,1
27032,1
27037,1
27042,1
27047,1
27052,1
27057,1
27062,1
27067,1
27072,1
27077,1
27082,1
27087,1
27092,1
27097,1
27102,1
27107,1
27112,1
27117,1
27122,1
27127,1
27132,1
27137,1
27142,1
27147,1
27152,1
27157,1
27162,1
27167,1
27172,1
27177,1
27182,1
27187,1
27192,1
27197,1
27202,1
27207,1
27212,1
27217,1
27222,1
27227,1
27232,1
27237,1
27242,1
27247,1
27252,1
27257,1
27262,1
27267,1
27272,1
27277,1
27282,1
27287,1
27292,1
27297,1
27302,1
27307,1
27312,1
27317,1
27322,1
27327,1
27332,1
27337,1
27342,1
27347,1
27352,1
27357,1
27362,1
27367,1
27372,1
27377,1
27382,1
27387,1
27392,1
27397,1
27402,1
27407,1
27412,1
27417,1
27422,1
27427,1
27432,1
27437,1
27442,1
27447,1
27452,1
27457,1
27462,1
27467,1
27472,1
27477,1
27482,1
27487,1
27492,1
27497,1
27502,1
27507,1
27512,1
27517,1
27522,1
27527,1
27532,1
27537,1
27542,1
27547,1
27552,1
27557,1
27562,1
27567,1
27572,1
27577,1
27582,1
27587,1
27592,1
27597,1
27602,1
27607,1
27612,1
27617,1
27622,1
27627,1
27632,1
27637,1
27642,1
27647,1
27652,1
27657,1
27662,1
27667,1
27672,1
27677,1
27682,1
27687,1
27692,1
27697,1
27702,1
27707,1
27712,1
27717,1
27722,1
27727,1
27732,1
27737,1
27742,1
27747,1
27752,1
27757,1
27762,1
27767,1
27772,1
27777,1
27782,1
27787,1
27792,1
27797,1
27802,1
27807,1
27812,1
27817,1
27822,1
27827,1
27832,1
27837,1
27842,1
27847,1
27852,1
27857,1
27862,1
27867,1
27872,1
27877,1
27882,1
27887,1
27892,1
27897,1
27902,1
27907,1
27912,1
27917,1
27922,1
27927,1
27932,1
27937,1
27942,1
27947,1
27952,1
27957,1
27962,1
27967,1
27972,1
27977,1
27982,1
27987,1
27992,1
27997,1
28002,1
28007,1
28012,1
28017,1
28022,1
28027,1
28032,1
28037,1
28042,1
28047,1
28052,1
28057,1
28062,1
28067,1
28072,1
28077,1
28082,1
28087,1
