time,op,size
0,a,5580
1,a,12722
2,a,7364
3,a,23102
4,a,11642
5,a,17524
6,a,20754
7,a,28861
8,a,17466
9,a,26961
10,a,26420
11,a,9485
12,a,3490
13,a,22072
14,a,28713
15,a,25752
16,a,20161
17,a,1180
18,a,9419
19,a,28261
20,a,24820
21,a,11908
22,a,25532
23,a,15475
24,a,12032
25,a,13752
26,a,17928
27,a,21040
28,a,20728
29,f,20161
30,a,18092
31,a,162
32,a,26309
33,a,30814
34,a,7526
35,f,7526
36,a,16643
37,a,9688
38,a,25050
39,a,4630
40,a,5781
41,a,9749
42,a,31591
43,a,32201
44,a,19235
45,a,2313
46,a,21506
47,a,15180
48,a,28066
49,a,8900
50,a,16360
51,a,4718
52,a,4393
53,a,8413
54,a,16627
55,a,29926
56,a,23889
57,a,28659
58,a,10911
59,a,9049
60,a,16931
61,a,31639
62,a,27141
63,a,17094
64,a,25180
65,a,25188
66,a,24620
67,a,9056
68,a,2108
69,a,16903
70,a,13686
71,a,7890
72,f,15475
73,a,26653
74,a,12510
75,a,7323
76,a,13120
77,a,14823
78,a,28830
79,a,28300
80,a,10122
81,a,4962
82,a,11893
83,a,14841
84,a,9356
85,a,20307
86,a,31468
87,a,6514
88,a,11428
89,a,27360
90,a,17426
91,a,20478
92,a,11524
93,a,16297
94,a,14852
95,a,28618
96,a,8710
97,a,7272
98,a,20471
99,a,17766
100,a,9381
101,a,4607
102,a,31453
103,a,17271
104,a,31260
105,a,11195
106,a,24595
107,a,11612
108,a,26019
109,a,20657
110,a,7144
111,a,3374
112,a,25619
113,a,19037
114,a,18215
115,a,2207
116,a,6576
117,a,16916
118,a,8722
119,a,18005
120,a,11508
121,a,26148
122,f,17271
123,a,5715
124,a,23033
125,a,9678
126,a,20568
127,a,18884
128,a,18389
129,a,27841
130,a,6587
131,a,3388
132,a,4454
133,a,11194
134,a,2073
135,a,21726
136,a,9686
137,a,13269
138,a,13553
139,a,21299
140,a,6520
141,a,1442
142,a,28443
143,a,9895
144,a,27062
145,a,14713
146,a,28110
147,a,29270
148,a,21289
149,a,12259
150,a,5225
151,a,6527
152,a,23768
153,a,31374
154,a,12243
155,f,4718
156,a,14033
157,a,8285
158,a,43
159,a,149
160,a,26674
161,a,27884
162,a,6737
163,a,30062
164,a,32339
165,a,17932
166,a,32136
167,a,21297
168,f,16903
169,a,27619
170,a,12638
171,a,2082
172,a,16150
173,a,19159
174,a,3525
175,a,11825
176,a,29054
177,a,30588
178,a,26539
179,a,24397
180,f,3374
181,a,27090
182,a,15060
183,a,3888
184,a,32315
185,a,21588
186,a,27656
187,a,30922
188,a,1063
189,a,8922
190,a,6439
191,f,17928
192,a,1107
193,a,9072
194,a,345
195,a,28992
196,a,15810
197,a,30408
198,a,28564
199,a,974
200,a,29777
201,a,17093
202,a,28593
203,a,9647
204,a,19176
205,a,11975
206,a,28806
207,a,22702
208,a,23801
209,a,25093
210,a,20522
211,a,17572
212,a,16722
213,a,14844
214,f,17524
215,a,32633
216,a,20611
217,a,14392
218,a,21453
219,a,15500
220,a,12547
221,a,22517
222,a,24423
223,a,18986
224,a,23625
225,a,727
226,a,19332
227,f,9678
228,a,19849
229,a,16537
230,a,16972
231,a,15645
232,a,17512
233,a,13982
234,a,32739
235,a,13337
236,a,23629
237,a,19148
238,a,25313
239,a,19668
240,a,9082
241,a,16346
242,a,11994
243,a,29604
244,a,1151
245,f,25050
246,a,28717
247,a,11681
248,a,1016
249,a,16560
250,a,26074
251,f,21299
252,a,22470
253,a,32060
254,a,5853
255,a,12220
256,a,23715
257,a,24839
258,a,3077
259,a,24443
260,a,11403
261,a,22927
262,a,8213
263,a,28376
264,a,5804
265,f,11825
266,a,25725
267,a,9590
268,a,5776
269,f,17093
270,a,6294
271,a,452
272,a,24924
273,a,31607
274,a,20121
275,a,1238
276,a,15186
277,f,28830
278,a,32115
279,a,30843
280,a,16337
281,a,28064
282,f,13982
283,a,9756
284,a,17354
285,a,11857
286,a,3063
287,a,7056
288,a,11150
289,f,17512
290,a,8916
291,a,19276
292,f,6576
293,a,2097
294,a,988
295,a,22354
296,a,26541
297,a,12391
298,a,12513
299,a,1986
300,a,8000
301,f,28593
302,f,1986
303,a,18318
304,a,27711
305,a,17590
306,a,24094
307,a,1237
308,a,18043
309,a,16250
310,a,77
311,a,5396
312,a,17489
313,a,15263
314,f,32060
315,a,4744
316,a,15564
317,a,31601
318,a,41
319,a,25321
320,f,9688
321,a,16187
322,a,11898
323,a,28385
324,f,8000
325,a,23243
326,a,23048
327,a,4533
328,a,9752
329,a,25146
330,a,5521
331,a,32106
332,a,18919
333,a,17913
334,a,11852
335,f,10911
336,a,20906
337,a,25913
338,a,30170
339,a,15849
340,a,10736
341,a,21496
342,a,17086
343,a,28780
344,a,4979
345,a,17164
346,a,1408
347,a,22469
348,a,32427
349,a,6153
350,a,5266
351,a,31261
352,a,6195
353,a,30587
354,a,14680
355,a,18094
356,a,26204
357,a,5156
358,a,8375
359,a,30738
360,a,14909
361,f,12032
362,a,753
363,a,3492
364,a,14248
365,a,19673
366,f,4454
367,a,21406
368,a,26100
369,a,7811
370,a,14552
371,f,13269
372,a,23502
373,a,23661
374,f,21588
375,a,25288
376,a,12231
377,a,7980
378,a,21301
379,a,17210
380,a,25144
381,a,22710
382,a,6911
383,a,24804
384,a,28863
385,f,26100
386,a,12177
387,a,23297
388,a,2290
389,a,9997
390,f,21726
391,f,13337
392,a,5209
393,a,20385
394,a,3434
395,a,10366
396,a,28760
397,a,1405
398,a,25275
399,a,29513
400,a,4897
401,a,6755
402,a,16419
403,a,26303
404,a,87
405,a,24231
406,a,8087
407,a,23590
408,a,15124
409,a,608
410,f,5396
411,f,5521
412,a,3053
413,f,6587
414,a,23105
415,f,3053
416,a,21909
417,a,20264
418,a,15481
419,a,11852
420,a,27176
421,a,7517
422,a,7947
423,f,2097
424,a,6585
425,a,30815
426,a,10238
427,a,16583
428,f,16931
429,a,3257
430,f,1180
431,a,30623
432,a,20018
433,a,13623
434,a,26615
435,a,21423
436,a,6130
437,a,23361
438,a,26321
439,a,12886
440,a,7013
441,a,19856
442,a,12974
443,a,31245
444,a,27944
445,f,23105
446,a,3796
447,a,13601
448,a,28553
449,a,6850
450,f,7144
451,a,3939
452,a,17695
453,a,27114
454,a,19420
455,a,29547
456,a,21522
457,a,26938
458,a,4727
459,a,28108
460,a,24985
461,a,14966
462,a,11924
463,a,28242
464,a,12821
465,a,31942
466,a,9098
467,f,5580
468,a,6669
469,a,20597
470,a,15229
471,a,30031
472,a,14151
473,a,28116
474,f,11852
475,a,4276
476,f,3388
477,a,1239
478,a,8322
479,a,2753
480,a,29184
481,f,12513
482,a,12119
483,a,16355
484,a,24970
485,a,18969
486,f,17695
487,a,20294
488,a,9898
489,a,13316
490,a,6947
491,a,6678
492,a,2071
493,f,7364
494,f,27090
495,a,1117
496,a,11405
497,a,30180
498,a,26103
499,a,26371
500,a,9336
501,a,21578
502,a,6425
503,a,8510
504,a,30676
505,a,13094
506,a,29108
507,a,13138
508,a,10358
509,a,10491
510,a,8486
511,a,14634
512,a,11731
513,f,2082
514,a,16808
515,a,17388
516,a,8148
517,a,28927
518,f,11642
519,a,976
520,a,351
521,a,15129
522,a,21270
523,f,29604
524,f,11428
525,a,10249
526,a,28445
527,a,28217
528,f,5266
529,a,16927
530,a,30517
531,a,29335
532,a,28333
533,a,27929
534,a,22670
535,a,21936
536,a,4497
537,f,23661
538,a,11480
539,a,28362
540,f,13094
541,a,13008
542,f,28553
543,a,9389
544,a,8689
545,f,8922
546,f,9098
547,a,9349
548,f,10736
549,f,13752
550,a,22527
551,a,19047
552,a,19841
553,f,6678
554,a,31013
555,a,914
556,a,31572
557,a,15053
558,a,18302
559,a,6953
560,f,9485
561,a,11213
562,a,19278
563,a,7304
564,a,26343
565,a,7781
566,a,17553
567,a,22020
568,a,3231
569,a,1713
570,f,19148
571,a,19769
572,a,32566
573,f,28108
574,a,30046
575,a,14931
576,f,13008
577,a,22469
578,a,19215
579,f,10249
580,a,19428
581,f,26371
582,a,1181
583,a,14809
584,f,12821
585,a,32436
586,a,10571
587,a,23498
588,f,25093
589,a,9018
590,a,330
591,a,9778
592,a,28859
593,a,31343
594,a,10692
595,a,27664
596,a,13629
597,f,24839
598,a,28994
599,a,1849
600,a,24843
601,a,15505
602,a,9154
603,a,18418
604,f,3796
605,a,23286
606,a,26708
607,a,7671
608,f,6850
609,f,28443
610,a,26517
611,a,28421
612,a,27441
613,a,26316
614,f,7781
615,a,25700
616,a,9604
617,a,16017
618,a,12147
619,a,29032
620,f,4393
621,a,17199
622,a,26957
623,a,28701
624,a,27770
625,a,17688
626,a,4951
627,f,19176
628,a,28101
629,a,27466
630,a,1043
631,a,26677
632,f,27884
633,a,5390
634,a,28707
635,a,7539
636,a,1617
637,a,30556
638,a,32382
639,a,17122
640,a,6942
641,a,18033
642,a,7641
643,a,882
644,a,25704
645,f,16927
646,a,1390
647,a,29304
648,a,20377
649,a,27707
650,a,22236
651,a,29981
652,a,10956
653,a,1616
654,a,26246
655,f,9686
656,a,28156
657,a,28573
658,a,22180
659,f,26303
660,a,23159
661,f,4533
662,a,13493
663,a,27132
664,a,18492
665,a,8192
666,a,28175
667,a,12402
668,a,13582
669,a,24114
670,a,19941
671,a,15200
672,a,21903
673,a,19555
674,a,32322
675,a,28846
676,a,4820
677,a,7195
678,f,24985
679,a,29728
680,a,30525
681,f,31453
682,a,8586
683,a,26265
684,a,18134
685,a,3525
686,a,15733
687,a,15348
688,f,1016
689,a,14482
690,f,12147
691,f,20597
692,f,20522
693,a,17349
694,a,8826
695,a,9871
696,a,13155
697,a,31007
698,a,262
699,a,26649
700,f,6425
701,a,25371
702,f,32382
703,a,18755
704,f,7304
705,a,2073
706,a,20778
707,a,31158
708,a,15655
709,a,12125
710,f,30922
711,a,18331
712,f,727
713,a,30856
714,a,1260
715,a,5119
716,a,30410
717,a,30106
718,a,9940
719,a,4838
720,f,4727
721,a,27067
722,a,7697
723,a,13425
724,a,20564
725,f,2753
726,a,25831
727,a,16951
728,a,3530
729,f,28217
730,f,1107
731,a,8412
732,a,31434
733,a,20880
734,a,17239
735,a,8537
736,a,1267
737,f,9381
738,f,15348
739,a,15478
740,a,8800
741,f,28110
742,a,27916
743,a,8081
744,f,27132
745,f,5853
746,f,11893
747,a,27556
748,f,14552
749,a,29989
750,a,28860
751,a,25946
752,a,12877
753,a,8217
754,f,15060
755,a,11509
756,a,10966
757,a,9477
758,a,16629
759,a,8609
760,f,17553
761,a,6816
762,a,26569
763,a,13447
764,a,1115
765,a,1498
766,a,26873
767,f,18005
768,f,23159
769,f,15053
770,a,21680
771,a,27330
772,a,11056
773,a,25211
774,a,2974
775,a,9722
776,f,30525
777,a,13323
778,a,20214
779,a,18260
780,a,14591
781,a,2924
782,a,27060
783,a,9739
784,a,11006
785,a,21848
786,a,6961
787,a,7098
788,f,18043
789,f,26708
790,f,26074
791,f,6942
792,a,15027
793,a,19839
794,a,15316
795,f,4276
796,a,26537
797,f,11056
798,a,30805
799,a,24794
800,a,10398
801,a,6646
802,a,31610
803,a,4199
804,f,30556
805,a,20094
806,f,30623
807,f,17122
808,a,32726
809,a,5697
810,f,22354
811,a,14199
812,f,2073
813,f,974
814,f,25619
815,a,21639
816,a,260
817,a,25256
818,a,14082
819,f,5156
820,f,14033
821,f,16972
822,f,23243
823,a,3235
824,f,3231
825,f,11405
826,a,2210
827,a,27405
828,a,23449
829,a,20471
830,a,9228
831,a,26374
832,f,15500
833,a,14763
834,a,18968
835,a,4612
836,a,3844
837,a,25930
838,a,11711
839,a,18872
840,a,13002
841,a,27027
842,f,14082
843,a,12641
844,a,11040
845,a,19053
846,a,23039
847,a,17686
848,a,17896
849,a,27238
850,f,19769
851,a,5013
852,a,17855
853,a,168
854,a,19213
855,a,6726
856,a,429
857,a,11701
858,a,20808
859,a,3664
860,a,13912
861,a,15446
862,a,27113
863,a,1615
864,a,24674
865,f,28300
866,a,20719
867,a,16379
868,a,10875
869,a,25332
870,a,20224
871,f,7098
872,a,4038
873,a,4275
874,a,6328
875,a,17040
876,f,4820
877,a,31302
878,a,18969
879,a,28080
880,f,23498
881,a,17588
882,a,9241
883,f,11006
884,a,12999
885,a,2717
886,a,3712
887,a,18012
888,a,20572
889,a,3880
890,f,1713
891,a,4458
892,f,20471
893,a,27298
894,a,4310
895,a,16160
896,a,15338
897,a,7974
898,a,30073
899,a,30784
900,a,2320
901,a,31689
902,a,22691
903,f,8486
904,a,23039
905,a,15300
906,a,799
907,a,15603
908,a,2757
909,f,24674
910,a,4837
911,a,19879
912,a,9085
913,f,32339
914,a,21877
915,a,18414
916,a,28055
917,f,26204
918,a,17189
919,a,3234
920,f,27770
921,a,4528
922,a,30189
923,f,15733
924,a,5951
925,a,8240
926,a,15433
927,a,26524
928,a,12121
929,a,19892
930,f,18919
931,a,21054
932,a,16431
933,a,3284
934,f,29184
935,f,13323
936,f,21522
937,f,20906
938,f,9336
939,a,3625
940,a,24405
941,a,589
942,a,1642
943,f,18092
944,f,12886
945,a,26725
946,f,27060
947,a,32279
948,f,31302
949,a,24333
950,f,9228
951,f,19673
952,a,16997
953,a,14811
954,a,25133
955,a,32601
956,f,4979
957,f,168
958,a,17569
959,a,29970
960,a,19713
961,a,26654
962,a,19079
963,a,5359
964,a,21941
965,f,28707
966,a,3501
967,a,8594
968,a,26469
969,a,923
970,f,22527
971,a,14546
972,a,1942
973,a,16356
974,a,8302
975,a,14063
976,a,3481
977,a,29356
978,a,30494
979,a,6765
980,a,213
981,f,22670
982,a,22132
983,f,882
984,a,7355
985,a,1856
986,a,16090
987,a,6866
988,f,28333
989,f,25288
990,a,26189
991,f,15129
992,a,320
993,f,20564
994,a,21678
995,f,41
996,a,18554
997,a,153
998,a,6479
999,a,15757
1000,f,13138
1001,a,19866
1002,a,366
1003,f,6479
1004,a,2069
1005,a,25226
1006,a,22307
1007,f,26321
1008,f,27405
1009,a,5570
1010,a,1052
1011,a,16009
1012,a,6493
1013,f,1942
1014,a,15598
1015,a,17951
1016,a,22850
1017,a,23900
1018,a,32015
1019,a,26332
1020,f,8081
1021,a,20489
1022,f,19849
1023,a,29742
1024,a,329
1025,a,20703
1026,a,19106
1027,a,7685
1028,a,22559
1029,a,2429
1030,f,27027
1031,a,14552
1032,a,15981
1033,f,3844
1034,a,2749
1035,a,3463
1036,a,1767
1037,a,2903
1038,a,9942
1039,a,17525
1040,f,10122
1041,a,22770
1042,a,10309
1043,a,19594
1044,a,15228
1045,a,32617
1046,f,19428
1047,a,25165
1048,a,16281
1049,a,15858
1050,f,24970
1051,a,31659
1052,a,31879
1053,a,1042
1054,a,21742
1055,a,23012
1056,f,31942
1057,a,290
1058,a,15306
1059,a,10733
1060,f,14763
1061,f,43
1062,a,30032
1063,a,15636
1064,a,31437
1065,a,16371
1066,a,23321
1067,a,21228
1068,a,18800
1069,a,5106
1070,f,13582
1071,f,28780
1072,f,14844
1073,a,4441
1074,f,77
1075,f,8087
1076,a,21550
1077,a,8569
1078,f,21936
1079,a,6209
1080,f,13623
1081,a,24453
1082,f,16187
1083,a,18512
1084,a,23734
1085,a,14456
1086,a,28821
1087,f,32436
1088,a,10561
1089,a,29685
1090,a,28670
1091,f,9898
1092,f,7272
1093,f,16916
1094,a,2958
1095,a,13198
1096,a,11761
1097,a,1849
1098,f,19332
1099,a,12309
1100,a,12803
1101,a,23591
1102,a,2553
1103,a,13093
1104,a,6129
1105,a,13287
1106,a,10358
1107,a,21765
1108,a,11956
1109,a,26729
1110,f,23039
1111,a,12319
1112,a,417
1113,a,12762
1114,a,17426
1115,a,4859
1116,a,1544
1117,a,25995
1118,a,11068
1119,a,25998
1120,f,3501
1121,f,29981
1122,f,32015
1123,a,11739
1124,a,2035
1125,a,7687
1126,a,7792
1127,f,28421
1128,a,12596
1129,a,4604
1130,a,3695
1131,f,18418
1132,a,15554
1133,a,17802
1134,a,15456
1135,a,17404
1136,a,30111
1137,f,2073
1138,a,28260
1139,a,8227
1140,f,30784
1141,a,32665
1142,f,20611
1143,a,8585
1144,a,14357
1145,a,13185
1146,a,18944
1147,a,3355
1148,f,31659
1149,a,25142
1150,f,21639
1151,a,12905
1152,a,15675
1153,f,10956
1154,a,25559
1155,a,25667
1156,a,333
1157,a,30418
1158,a,27212
1159,f,2429
1160,f,5225
1161,a,26328
1162,a,8719
1163,a,20442
1164,a,5300
1165,a,10754
1166,a,28129
1167,a,13093
1168,f,28066
1169,a,23351
1170,a,32734
1171,a,16788
1172,a,6138
1173,f,26148
1174,f,16583
1175,f,15186
1176,f,31260
1177,f,25559
1178,a,17768
1179,a,32245
1180,a,23542
1181,f,14841
1182,a,15112
1183,a,27737
1184,f,7974
1185,a,31770
1186,f,28129
1187,a,15009
1188,a,3555
1189,a,13359
1190,f,1408
1191,f,22691
1192,a,28195
1193,a,22499
1194,a,16715
1195,a,20569
1196,f,19037
1197,a,2636
1198,a,32390
1199,a,13361
1200,f,14357
1201,a,28304
1202,f,25144
1203,a,32724
1204,a,11011
1205,a,22748
1206,a,26285
1207,a,19730
1208,f,25667
1209,a,10423
1210,a,31585
1211,a,30485
1212,a,5785
1213,a,11911
1214,a,21069
1215,f,20880
1216,a,5751
1217,a,28700
1218,a,27207
1219,f,15338
1220,a,23519
1221,a,28177
1222,a,17981
1223,a,5863
1224,f,15655
1225,a,23146
1226,a,16984
1227,f,29970
1228,f,13093
1229,a,20873
1230,f,1260
1231,a,26701
1232,f,12905
1233,a,30343
1234,a,16300
1235,a,16432
1236,f,21297
1237,a,14291
1238,f,345
1239,a,4102
1240,a,19069
1241,f,18033
1242,a,13913
1243,a,17463
1244,a,14605
1245,a,13870
1246,a,28474
1247,a,4586
1248,f,417
1249,f,27176
1250,a,7387
1251,f,3530
1252,f,3888
1253,f,6953
1254,a,15437
1255,a,15010
1256,a,6205
1257,a,13155
1258,a,20795
1259,f,24423
1260,a,18116
1261,a,1456
1262,f,7947
1263,f,20214
1264,f,10754
1265,a,26547
1266,a,14048
1267,a,28663
1268,f,17404
1269,a,17298
1270,a,9457
1271,f,15433
1272,f,30189
1273,a,13877
1274,f,12391
1275,f,19668
1276,a,23162
1277,a,32604
1278,a,30861
1279,a,11268
1280,a,26538
1281,a,28437
1282,a,27568
1283,f,15481
1284,f,13002
1285,a,10203
1286,a,9960
1287,a,31671
1288,f,14151
1289,a,29272
1290,a,23874
1291,a,16366
1292,f,28992
1293,a,11110
1294,a,4977
1295,a,12073
1296,f,19856
1297,f,26265
1298,a,15697
1299,f,19839
1300,a,12364
1301,f,30588
1302,f,19841
1303,f,2313
1304,a,27510
1305,f,26469
1306,a,30707
1307,a,18569
1308,a,7898
1309,a,18734
1310,a,3917
1311,f,31601
1312,f,30738
1313,f,28362
1314,a,9355
1315,a,12513
1316,f,18215
1317,a,17966
1318,f,8213
1319,a,5251
1320,a,29812
1321,f,21506
1322,f,30032
1323,f,31437
1324,f,14048
1325,a,27424
1326,a,19128
1327,f,32115
1328,a,20206
1329,a,27260
1330,a,17222
1331,a,31474
1332,a,21031
1333,f,22132
1334,f,13912
1335,a,12892
1336,a,26275
1337,a,31234
1338,a,22853
1339,f,28385
1340,f,27330
1341,f,11924
1342,a,25178
1343,a,27739
1344,a,13960
1345,f,16629
1346,f,8900
1347,f,16160
1348,a,8777
1349,a,6081
1350,f,20385
1351,f,32427
1352,f,26538
1353,a,18937
1354,f,26674
1355,a,20850
1356,f,11761
1357,a,21778
1358,a,31301
1359,a,15593
1360,f,8689
1361,f,4897
1362,a,19717
1363,f,9756
1364,a,17103
1365,a,23492
1366,a,5684
1367,f,2069
1368,a,21021
1369,a,79
1370,a,18198
1371,a,6219
1372,a,5330
1373,a,15242
1374,a,875
1375,a,24458
1376,f,2210
1377,f,23715
1378,a,2681
1379,f,30046
1380,f,19213
1381,f,23321
1382,a,28136
1383,a,8913
1384,a,1388
1385,a,16399
1386,f,30815
1387,f,20094
1388,a,21806
1389,f,22748
1390,a,27664
1391,a,14865
1392,a,11891
1393,a,20075
1394,a,9836
1395,a,25851
1396,f,21270
1397,a,28852
1398,f,5209
1399,f,16715
1400,a,15918
1401,f,28821
1402,a,12021
1403,f,31013
1404,a,16935
1405,a,4929
1406,f,25998
1407,f,16017
1408,a,10555
1409,f,15636
1410,f,1615
1411,a,32528
1412,f,29356
1413,f,25725
1414,f,20703
1415,a,24647
1416,f,4929
1417,f,8800
1418,f,4458
1419,a,27658
1420,a,23252
1421,f,12402
1422,f,21040
1423,a,30331
1424,f,17913
1425,a,15911
1426,a,23331
1427,f,4310
1428,f,8413
1429,f,12364
1430,f,976
1431,a,15762
1432,a,22131
1433,f,24794
1434,a,28662
1435,f,26524
1436,a,31004
1437,f,17686
1438,a,23007
1439,a,20353
1440,f,3492
1441,a,918
1442,a,18376
1443,f,23297
1444,a,29266
1445,f,15918
1446,a,2306
1447,a,2007
1448,f,18884
1449,a,18304
1450,a,29971
1451,a,16873
1452,a,30196
1453,f,3234
1454,a,17278
1455,a,26710
1456,a,23280
1457,f,27711
1458,a,13363
1459,f,25913
1460,a,9861
1461,a,2533
1462,a,30298
1463,f,7355
1464,a,14790
1465,a,13088
1466,a,30059
1467,a,6669
1468,a,7979
1469,a,20544
1470,a,4233
1471,a,23891
1472,a,11108
1473,f,31234
1474,a,19995
1475,a,13255
1476,a,7002
1477,a,18232
1478,a,3494
1479,a,27355
1480,f,15564
1481,f,11681
1482,a,19150
1483,f,21678
1484,a,21870
1485,a,23854
1486,f,923
1487,a,21457
1488,f,26710
1489,a,23878
1490,a,9391
1491,a,18661
1492,f,3555
1493,a,7984
1494,f,8375
1495,a,6819
1496,a,3171
1497,a,1926
1498,a,30099
1499,f,23889
1500,f,21550
1501,a,16535
1502,f,27298
1503,f,17896
1504,a,11788
1505,a,32633
1506,a,14065
1507,a,26578
1508,f,11891
1509,f,4604
1510,a,12954
1511,f,1544
1512,f,4744
1513,f,1151
1514,f,23900
1515,a,11357
1516,a,480
1517,f,31607
1518,a,20933
1519,f,9739
1520,f,5863
1521,a,31901
1522,a,4714
1523,a,12057
1524,a,10241
1525,a,24710
1526,a,25312
1527,a,17244
1528,a,10174
1529,a,28806
1530,f,6819
1531,f,6669
1532,a,11831
1533,f,15697
1534,a,29325
1535,a,17909
1536,a,2918
1537,a,18014
1538,f,9861
1539,a,9019
1540,f,12596
1541,a,12309
1542,a,3907
1543,f,24820
1544,f,24231
1545,a,17003
1546,f,5570
1547,a,19128
1548,f,18302
1549,a,7079
1550,f,6205
1551,f,6209
1552,f,14790
1553,f,13120
1554,a,18930
1555,a,16460
1556,f,27916
1557,a,23614
1558,a,30718
1559,a,16325
1560,f,30298
1561,a,4912
1562,a,24529
1563,a,29279
1564,a,16269
1565,f,29304
1566,a,25010
1567,a,17444
1568,f,32734
1569,f,7984
1570,a,15403
1571,f,21578
1572,a,29725
1573,f,16935
1574,a,29502
1575,f,875
1576,f,13287
1577,a,25645
1578,f,18014
1579,f,5697
1580,a,21667
1581,f,9997
1582,a,22046
1583,a,10121
1584,f,11403
1585,a,31841
1586,a,18084
1587,f,19995
1588,a,21953
1589,a,28398
1590,a,3226
1591,a,24871
1592,f,28806
1593,a,13645
1594,a,12245
1595,f,4528
1596,f,153
1597,a,4413
1598,a,17553
1599,f,17525
1600,f,27568
1601,f,30111
1602,a,29249
1603,f,17298
1604,a,23541
1605,f,23590
1606,a,24632
1607,f,1926
1608,a,15412
1609,f,27737
1610,a,7233
1611,f,8510
1612,a,15479
1613,a,13363
1614,a,23559
1615,f,27212
1616,a,20391
1617,a,5125
1618,a,20070
1619,f,15858
1620,a,3893
1621,f,27424
1622,f,28080
1623,a,30135
1624,a,4747
1625,a,19296
1626,a,27092
1627,a,1481
1628,f,11908
1629,a,12174
1630,a,15991
1631,f,17766
1632,f,17489
1633,a,23527
1634,f,31007
1635,a,22295
1636,a,15065
1637,f,8537
1638,a,8844
1639,a,11481
1640,a,10695
1641,a,12070
1642,a,3585
1643,f,11731
1644,f,25312
1645,f,15593
1646,f,12174
1647,a,24341
1648,f,32315
1649,f,26328
1650,a,24316
1651,f,6294
1652,a,7998
1653,f,4977
1654,a,9126
1655,a,20798
1656,f,6765
1657,a,31540
1658,f,4413
1659,a,990
1660,a,3442
1661,a,6006
1662,a,16470
1663,a,16805
1664,a,29565
1665,f,28717
1666,a,4093
1667,a,21931
1668,a,16868
1669,a,7987
1670,a,19298
1671,a,21616
1672,a,27284
1673,f,7811
1674,a,13623
1675,a,23098
1676,a,6690
1677,f,10571
1678,a,29615
1679,a,13858
1680,a,28986
1681,f,30676
1682,a,11912
1683,a,22702
1684,a,7699
1685,f,20544
1686,a,22608
1687,f,1442
1688,f,23351
1689,a,2005
1690,a,11285
1691,f,11788
1692,a,14181
1693,f,16379
1694,f,9960
1695,f,30494
1696,f,4962
1697,f,17466
1698,a,26322
1699,a,19284
1700,a,23307
1701,f,29989
1702,a,14353
1703,a,18057
1704,a,24298
1705,a,17795
1706,a,24063
1707,a,8000
1708,a,1833
1709,f,2553
1710,f,19053
1711,f,9836
1712,a,20861
1713,a,12094
1714,f,3235
1715,f,9604
1716,f,18968
1717,a,23764
1718,f,15403
1719,f,25133
1720,a,4962
1721,a,20081
1722,a,10295
1723,f,13601
1724,f,26189
1725,f,6755
1726,f,27355
1727,a,26578
1728,a,14597
1729,a,23918
1730,a,16908
1731,f,31770
1732,f,20568
1733,a,21287
1734,a,20765
1735,f,25226
1736,a,30766
1737,a,17505
1738,f,12510
1739,a,32678
1740,f,18569
1741,f,4038
1742,f,31585
1743,a,20701
1744,f,12513
1745,a,25205
1746,a,22518
1747,f,25371
1748,a,22707
1749,a,3723
1750,a,3931
1751,f,6328
1752,f,87
1753,a,16262
1754,a,23007
1755,f,7195
1756,a,27238
1757,a,30615
1758,a,8297
1759,f,29272
1760,a,18769
1761,f,2757
1762,f,1181
1763,a,15642
1764,a,32360
1765,a,26769
1766,f,452
1767,a,17476
1768,f,21877
1769,f,3226
1770,f,9049
1771,f,3939
1772,a,20454
1773,a,6095
1774,f,13870
1775,f,32604
1776,f,17239
1777,a,8473
1778,f,17086
1779,a,25417
1780,f,22072
1781,f,17278
1782,f,26578
1783,a,26177
1784,a,18768
1785,a,19227
1786,a,8006
1787,a,9919
1788,f,28927
1789,f,15124
1790,a,3368
1791,a,29294
1792,f,10174
1793,f,16470
1794,f,10966
1795,f,20075
1796,a,30685
1797,f,23768
1798,a,1367
1799,a,14031
1800,f,13359
1801,f,3931
1802,a,30595
1803,a,22069
1804,f,10875
1805,a,6469
1806,a,20346
1807,f,26649
1808,a,12008
1809,a,10193
1810,a,24277
1811,a,28270
1812,a,433
1813,a,18748
1814,a,26117
1815,a,8730
1816,f,11911
1817,f,17463
1818,a,4749
1819,a,8992
1820,a,8323
1821,a,31519
1822,f,27929
1823,a,26469
1824,a,28777
1825,a,4846
1826,f,16627
1827,f,608
1828,a,2174
1829,f,17588
1830,f,11994
1831,a,21426
1832,a,31023
1833,a,20943
1834,f,21870
1835,a,7886
1836,f,23519
1837,a,6262
1838,f,23878
1839,a,30862
1840,a,11255
1841,f,23614
1842,f,6911
1843,f,26316
1844,a,2788
1845,a,28780
1846,f,20572
1847,a,12622
1848,f,28662
1849,a,16820
1850,a,26608
1851,f,6095
1852,a,1923
1853,a,23290
1854,a,14186
1855,f,23591
1856,a,13932
1857,f,480
1858,f,29742
1859,a,715
1860,a,5696
1861,a,9434
1862,f,18376
1863,a,1148
1864,f,19892
1865,f,17572
1866,f,15437
1867,a,24444
1868,f,32528
1869,a,2784
1870,f,2290
1871,a,9878
1872,f,23764
1873,a,29194
1874,a,11776
1875,f,21931
1876,a,18201
1877,f,30062
1878,a,27945
1879,f,11956
1880,f,22307
1881,f,21301
1882,a,5477
1883,a,14211
1884,f,1456
1885,a,24
1886,a,7652
1887,a,2870
1888,a,31048
1889,a,28595
1890,a,10756
1891,a,4542
1892,a,26690
1893,a,22012
1894,f,1617
1895,a,7331
1896,a,22702
1897,a,1866
1898,a,24151
1899,f,10241
1900,a,16543
1901,f,14713
1902,f,25275
1903,a,3790
1904,f,16356
1905,a,14673
1906,f,30073
1907,a,30730
1908,a,17722
1909,a,15388
1910,a,3658
1911,a,27156
1912,a,16536
1913,a,28103
1914,f,29108
1915,a,29941
1916,a,26415
1917,a,24529
1918,a,8949
1919,a,11849
1920,f,14852
1921,f,1367
1922,a,19707
1923,a,14427
1924,a,26060
1925,a,19732
1926,a,22079
1927,a,28931
1928,a,18012
1929,f,28260
1930,a,17906
1931,f,28103
1932,f,23162
1933,a,6920
1934,f,12641
1935,f,27664
1936,f,17981
1937,a,22555
1938,f,31879
1939,f,715
1940,f,12722
1941,f,1043
1942,f,20442
1943,f,31048
1944,f,17909
1945,a,11829
1946,f,20850
1947,f,6262
1948,a,28932
1949,a,29886
1950,f,12259
1951,a,1764
1952,f,1390
1953,f,20224
1954,a,30798
1955,f,13198
1956,f,26729
1957,a,21269
1958,a,18307
1959,a,1820
1960,a,3175
1961,f,14181
1962,f,13255
1963,f,27739
1964,f,15009
1965,a,16269
1966,a,19543
1967,a,18563
1968,a,19928
1969,f,12892
1970,a,13932
1971,f,25332
1972,a,2332
1973,a,15263
1974,a,11105
1975,a,28748
1976,a,7025
1977,f,28806
1978,f,7652
1979,f,1117
1980,f,15306
1981,a,20055
1982,a,7829
1983,a,26733
1984,f,11739
1985,a,1714
1986,f,20795
1987,f,28863
1988,a,1122
1989,a,13697
1990,a,23794
1991,a,30053
1992,f,28437
1993,f,19732
1994,a,31710
1995,a,8933
1996,a,4205
1997,a,21497
1998,f,9349
1999,f,4951
2000,a,20762
2001,a,369
2002,a,18615
2003,a,22526
2004,a,31168
2005,a,7117
2006,a,8066
2007,f,26469
2008,f,28055
2009,a,221
2010,a,10292
2011,f,31434
2012,a,24336
2013,a,19764
2014,a,28856
2015,f,7987
2016,f,23048
2017,f,4102
2018,f,18734
2019,a,11496
2020,a,928
2021,f,30059
2022,a,31189
2023,a,26760
2024,a,12034
2025,f,10366
2026,a,27169
2027,f,7117
2028,f,14186
2029,f,5684
2030,a,1018
2031,a,32089
2032,f,20489
2033,f,14031
2034,a,2231
2035,f,20861
2036,a,27751
2037,a,1035
2038,f,3695
2039,f,19594
2040,f,24843
2041,a,3353
2042,a,8680
2043,f,2035
2044,a,24830
2045,f,23794
2046,f,8227
2047,a,639
2048,a,7622
2049,f,30331
2050,a,995
2051,a,4845
2052,f,18012
2053,a,29120
2054,a,21758
2055,a,5215
2056,f,4542
2057,a,14967
2058,a,11516
2059,a,3615
2060,f,7980
2061,f,22020
2062,a,22085
2063,a,19583
2064,f,19730
2065,f,8710
2066,a,3836
2067,f,27113
2068,a,32377
2069,f,29054
2070,f,23331
2071,a,11151
2072,a,23601
2073,a,28465
2074,f,9749
2075,f,8844
2076,a,22648
2077,f,3490
2078,a,24529
2079,a,26887
2080,f,26539
2081,a,16641
2082,a,3795
2083,f,24443
2084,a,21288
2085,f,9722
2086,a,17659
2087,f,26725
2088,f,10309
2089,f,28175
2090,f,19215
2091,a,3117
2092,a,23520
2093,a,12642
2094,a,4153
2095,a,26874
2096,f,2005
2097,a,21323
2098,a,28983
2099,f,25700
2100,a,27513
2101,f,6646
2102,a,28946
2103,f,16355
2104,a,29978
2105,a,32359
2106,f,29812
2107,f,25645
2108,a,25298
2109,a,18968
2110,a,4806
2111,f,26374
2112,a,7497
2113,f,19583
2114,a,30485
2115,a,8421
2116,a,29582
2117,f,31519
2118,f,11213
2119,f,12177
2120,f,26537
2121,a,17301
2122,f,18661
2123,a,12258
2124,f,16325
2125,a,29192
2126,a,28453
2127,f,6920
2128,f,27360
2129,f,30410
2130,a,3091
2131,a,24890
2132,a,18333
2133,f,3063
2134,a,27621
2135,f,20933
2136,a,19009
2137,f,31474
2138,f,5390
2139,f,16788
2140,a,2206
2141,a,31417
2142,a,7530
2143,a,19866
2144,a,1767
2145,f,27260
2146,f,30031
2147,f,5013
2148,f,32726
2149,a,31050
2150,a,32508
2151,f,21054
2152,f,16951
2153,f,19079
2154,a,5920
2155,f,4233
2156,a,25157
2157,f,990
2158,f,28856
2159,f,3077
2160,a,21063
2161,f,23601
2162,f,6493
2163,f,8913
2164,f,16269
2165,f,8722
2166,a,2135
2167,f,25205
2168,f,27944
2169,a,19903
2170,f,23039
2171,f,26733
2172,a,17241
2173,a,32114
2174,f,12125
2175,f,2135
2176,a,19494
2177,a,9772
2178,f,5359
2179,f,2958
2180,a,18314
2181,a,24300
2182,a,17269
2183,a,16032
2184,f,30485
2185,a,32722
2186,f,15810
2187,f,7539
2188,f,29725
2189,a,14084
2190,f,8217
2191,f,17932
2192,f,15412
2193,f,21457
2194,a,565
2195,a,12213
2196,a,10509
2197,f,23734
2198,a,29018
2199,a,15305
2200,f,15305
2201,a,2631
2202,a,14584
2203,f,4846
2204,a,10159
2205,f,18116
2206,a,21641
2207,a,16791
2208,f,21289
2209,f,3907
2210,f,10423
2211,a,8809
2212,a,29171
2213,f,14811
2214,a,3889
2215,f,21021
2216,f,29192
2217,f,8006
2218,f,26654
2219,a,10576
2220,f,7013
2221,a,27454
2222,f,799
2223,a,3630
2224,f,11480
2225,a,16496
2226,f,22555
2227,a,19844
2228,f,27658
2229,f,23290
2230,f,30135
2231,a,24694
2232,f,19276
2233,f,24458
2234,f,12231
2235,a,18632
2236,f,16250
2237,f,26873
2238,f,5785
2239,f,6514
2240,a,6979
2241,f,21031
2242,f,10358
2243,f,25146
2244,a,9168
2245,a,17978
2246,a,26473
2247,f,24336
2248,f,13697
2249,a,18940
2250,f,24
2251,a,3525
2252,f,15263
2253,a,18006
2254,f,18006
2255,f,13960
2256,f,366
2257,f,1856
2258,a,3442
2259,a,19557
2260,f,16300
2261,f,9419
2262,a,17961
2263,a,17526
2264,f,10576
2265,f,3353
2266,f,4612
2267,f,14605
2268,f,320
2269,a,20123
2270,f,20346
2271,f,19543
2272,f,29941
2273,f,14931
2274,f,330
2275,a,30175
2276,a,28036
2277,f,12309
2278,f,12070
2279,a,16374
2280,f,1018
2281,f,15065
2282,a,12712
2283,a,30667
2284,a,30958
2285,a,22872
2286,f,25157
2287,a,19540
2288,f,914
2289,f,10692
2290,a,14982
2291,f,21641
2292,f,24694
2293,a,31681
2294,a,15944
2295,a,18871
2296,a,9489
2297,f,3525
2298,f,27207
2299,f,32665
2300,a,10631
2301,f,8148
2302,f,16460
2303,f,7323
2304,f,22180
2305,f,18389
2306,a,22502
2307,a,25986
2308,a,30475
2309,a,14428
2310,f,9919
2311,f,15598
2312,f,9434
2313,a,11850
2314,f,16868
2315,f,26415
2316,a,4686
2317,f,23527
2318,f,19106
2319,a,23596
2320,f,26677
2321,a,29829
2322,f,1849
2323,a,31160
2324,f,260
2325,a,9769
2326,a,586
2327,f,19128
2328,f,26653
2329,f,16374
2330,f,16009
2331,a,16399
2332,a,13211
2333,f,995
2334,f,31050
2335,f,24277
2336,a,20144
2337,a,1592
2338,a,30738
2339,a,7499
2340,f,17040
2341,f,29335
2342,f,9019
2343,a,31768
2344,a,26006
2345,f,26103
2346,f,29685
2347,a,23873
2348,a,11712
2349,a,23905
2350,a,22064
2351,a,1817
2352,f,10756
2353,a,10678
2354,a,4278
2355,f,11255
2356,a,730
2357,f,11151
2358,a,26623
2359,a,23150
2360,f,24595
2361,a,10220
2362,a,4486
2363,f,15849
2364,f,15316
2365,f,17526
2366,a,12884
2367,f,11108
2368,f,26541
2369,a,3439
2370,f,23449
2371,a,2193
2372,f,12999
2373,f,29615
2374,a,27312
2375,a,15290
2376,f,20873
2377,f,1115
2378,f,15456
2379,a,6880
2380,a,18141
2381,a,12351
2382,f,31710
2383,a,5272
2384,f,22526
2385,f,29032
2386,f,17951
2387,a,27910
2388,a,12937
2389,a,21671
2390,a,8353
2391,f,7792
2392,f,2681
2393,a,313
2394,f,12121
2395,f,11857
2396,a,23264
2397,f,11711
2398,a,6323
2399,f,21496
2400,f,8297
2401,f,17269
2402,f,17476
2403,f,14546
2404,a,7813
2405,a,22264
2406,a,32330
2407,f,30517
2408,f,28564
2409,f,11285
2410,a,31687
2411,f,3434
2412,a,1209
2413,f,25831
2414,a,23467
2415,a,20984
2416,a,3026
2417,a,1378
2418,f,3889
2419,f,32724
2420,f,79
2421,f,8322
2422,a,25262
2423,f,12877
2424,f,14427
2425,f,30738
2426,f,20762
2427,f,565
2428,a,3757
2429,f,23361
2430,a,28001
2431,a,15644
2432,a,13977
2433,f,17795
2434,f,16535
2435,f,17003
2436,f,26332
2437,f,433
2438,f,1239
2439,f,20471
2440,a,32487
2441,f,28136
2442,a,28529
2443,f,16297
2444,a,17417
2445,f,25851
2446,f,31671
2447,f,17722
2448,f,23541
2449,a,1913
2450,a,23073
2451,f,22853
2452,f,9772
2453,a,32707
2454,f,16536
2455,f,15991
2456,a,8793
2457,f,28659
2458,f,15642
2459,a,8447
2460,f,13316
2461,a,12290
2462,a,14065
2463,f,7025
2464,f,1767
2465,a,3589
2466,f,24444
2467,f,12034
2468,a,25228
2469,f,32279
2470,a,2969
2471,f,20943
2472,a,11942
2473,f,19128
2474,a,25542
2475,a,26234
2476,f,6880
2477,a,18266
2478,a,587
2479,a,15730
2480,f,27751
2481,a,17828
2482,a,32275
2483,f,17802
2484,a,16940
2485,f,32330
2486,f,31681
2487,a,8528
2488,a,20491
2489,f,3284
2490,a,19967
2491,f,6469
2492,f,4497
2493,f,2749
2494,a,9907
2495,f,25532
2496,a,12986
2497,a,23724
2498,f,14063
2499,a,5140
2500,a,28631
2501,a,4934
2502,f,12622
2503,f,32678
2504,a,4860
2505,f,28376
2506,f,8412
2507,f,18307
2508,f,149
2509,f,429
2510,f,30595
2511,f,16543
2512,f,5251
2513,a,24392
2514,f,14967
2515,a,22351
2516,a,6773
2517,a,14698
2518,a,22290
2519,f,3171
2520,f,11150
2521,f,15944
2522,f,2320
2523,a,15567
2524,f,4586
2525,f,12954
2526,a,23145
2527,a,1813
2528,f,22079
2529,a,29632
2530,f,23098
2531,f,9489
2532,f,19298
2533,a,26734
2534,f,29582
2535,a,27041
2536,f,26060
2537,f,3757
2538,a,32602
2539,f,26019
2540,f,28177
2541,f,20307
2542,f,15200
2543,a,5909
2544,f,22085
2545,f,19494
2546,a,19815
2547,f,26275
2548,a,26068
2549,f,15505
2550,a,24176
2551,a,20403
2552,a,9031
2553,f,18198
2554,a,9237
2555,f,8809
2556,f,18333
2557,f,20701
2558,a,19910
2559,a,25971
2560,a,17766
2561,a,7634
2562,f,15730
2563,f,20391
2564,f,30805
2565,f,12974
2566,a,13170
2567,a,27673
2568,a,20620
2569,a,4127
2570,f,12986
2571,f,14065
2572,a,46
2573,a,16483
2574,a,9061
2575,a,4906
2576,f,10678
2577,f,5696
2578,f,30175
2579,f,1148
2580,f,24804
2581,a,8107
2582,a,31413
2583,f,17978
2584,f,12712
2585,a,11680
2586,f,5119
2587,f,3589
2588,a,22805
2589,a,20935
2590,a,27247
2591,f,20620
2592,a,13182
2593,f,18930
2594,a,22748
2595,f,20478
2596,f,12258
2597,f,23150
2598,a,24112
2599,a,7149
2600,a,17022
2601,a,23946
2602,a,13058
2603,f,22469
2604,f,26578
2605,f,8473
2606,a,4069
2607,a,17247
2608,f,9590
2609,f,21323
2610,f,19069
2611,a,4467
2612,f,29632
2613,f,23012
2614,a,24472
2615,f,7530
2616,a,26278
2617,f,3836
2618,a,13704
2619,a,11614
2620,a,19481
2621,f,24114
2622,f,30861
2623,f,24094
2624,a,31470
2625,f,12245
2626,f,18201
2627,f,19557
2628,a,19248
2629,a,32652
2630,f,28595
2631,a,26375
2632,f,12220
2633,a,7101
2634,f,16984
2635,f,13170
2636,a,4011
2637,f,23286
2638,f,16090
2639,f,4714
2640,a,26421
2641,a,23584
2642,f,22502
2643,a,13073
2644,f,4607
2645,f,12937
2646,a,31328
2647,a,31692
2648,a,11718
2649,a,10240
2650,f,18304
2651,a,21729
2652,f,28618
2653,a,32653
2654,a,4719
2655,f,2231
2656,f,22517
2657,f,5300
2658,f,9391
2659,f,3625
2660,a,2144
2661,f,15290
2662,a,22634
2663,f,23918
2664,f,7898
2665,f,9457
2666,f,1481
2667,a,28832
2668,a,9293
2669,a,6888
2670,f,14456
2671,f,11509
2672,f,18615
2673,a,20010
2674,a,22352
2675,a,10958
2676,f,18266
2677,f,13686
2678,a,4489
2679,f,3712
2680,f,8192
2681,a,26819
2682,f,17590
2683,f,23033
2684,a,2662
2685,f,11680
2686,a,30767
2687,f,31689
2688,f,19713
2689,f,10240
2690,f,17505
2691,f,28777
2692,a,7755
2693,a,14277
2694,a,17481
2695,f,18554
2696,a,6458
2697,f,4806
2698,f,9356
2699,f,5125
2700,f,3091
2701,a,758
2702,f,31687
2703,a,17366
2704,f,12119
2705,a,65
2706,f,31374
2707,a,7859
2708,f,21497
2709,f,14428
2710,f,30798
2711,a,21378
2712,a,26487
2713,a,31444
2714,a,1683
2715,f,13088
2716,a,25047
2717,a,30368
2718,a,13401
2719,a,2520
2720,a,19329
2721,a,13287
2722,a,7239
2723,f,30730
2724,a,21474
2725,a,3154
2726,a,3304
2727,a,30767
2728,a,10043
2729,f,18937
2730,f,27664
2731,a,23314
2732,f,28983
2733,a,20352
2734,f,16371
2735,a,21001
2736,a,27804
2737,f,369
2738,a,14403
2739,a,23664
2740,f,4199
2741,a,25804
2742,f,2717
2743,f,8323
2744,a,22159
2745,f,17189
2746,f,18755
2747,f,9293
2748,f,25417
2749,a,5173
2750,f,19928
2751,f,586
2752,f,17366
2753,a,10518
2754,a,28617
2755,f,23007
2756,f,12094
2757,a,5932
2758,a,27884
2759,f,17828
2760,f,6961
2761,f,26375
2762,f,29171
2763,a,28683
2764,f,22069
2765,a,13791
2766,f,4962
2767,f,9237
2768,f,29270
2769,a,16494
2770,f,20657
2771,a,22403
2772,f,25165
2773,a,12467
2774,f,18314
2775,a,18178
2776,f,5932
2777,a,14682
2778,f,8680
2779,f,31261
2780,f,15263
2781,f,18141
2782,f,11195
2783,a,10067
2784,a,31579
2785,a,17203
2786,f,31572
2787,f,4093
2788,f,21474
2789,f,10295
2790,f,1592
2791,f,14065
2792,a,29397
2793,f,32508
2794,f,15554
2795,f,21758
2796,f,22770
2797,a,12098
2798,f,24710
2799,a,24443
2800,a,18103
2801,a,15253
2802,a,27747
2803,f,14634
2804,f,5751
2805,f,32566
2806,f,3257
2807,a,16103
2808,f,6979
2809,f,17426
2810,f,333
2811,f,31579
2812,a,25296
2813,f,30766
2814,f,28101
2815,f,32359
2816,a,18294
2817,f,9769
2818,f,30196
2819,a,3687
2820,a,13529
2821,a,13330
2822,f,26623
2823,a,18091
2824,f,6153
2825,a,4426
2826,a,6367
2827,a,7483
2828,f,21680
2829,f,31692
2830,f,20353
2831,f,4069
2832,f,1498
2833,f,3917
2834,f,17203
2835,f,32322
2836,a,9599
2837,a,16885
2838,f,4686
2839,f,22702
2840,f,19278
2841,a,3333
2842,f,25995
2843,a,15532
2844,a,12001
2845,f,14084
2846,a,32016
2847,a,29323
2848,f,23145
2849,f,30718
2850,a,28496
2851,a,21652
2852,a,9023
2853,f,26278
2854,f,31004
2855,f,3880
2856,f,6367
2857,f,9018
2858,a,13906
2859,a,3567
2860,f,21287
2861,f,10555
2862,f,758
2863,f,32633
2864,a,19091
2865,f,21001
2866,a,12718
2867,a,20770
2868,f,2631
2869,f,14353
2870,a,15721
2871,f,13493
2872,f,30767
2873,f,23905
2874,f,928
2875,a,24817
2876,f,2174
2877,f,22559
2878,f,27062
2879,a,12445
2880,a,1057
2881,f,23891
2882,a,7302
2883,f,28861
2884,f,4860
2885,f,26117
2886,a,7424
2887,f,20123
2888,a,17160
2889,f,11524
2890,a,32598
2891,a,25718
2892,a,20848
2893,f,16262
2894,a,13360
2895,a,6281
2896,a,6172
2897,f,13553
2898,a,17786
2899,a,12648
2900,a,13655
2901,f,3117
2902,f,6816
2903,a,27386
2904,f,21069
2905,f,13073
2906,f,13093
2907,f,26343
2908,a,29533
2909,a,16988
2910,f,30485
2911,f,28270
2912,a,10150
2913,f,21903
2914,f,3304
2915,f,2144
2916,a,8767
2917,f,7002
2918,a,16237
2919,a,6706
2920,f,8285
2921,a,4496
2922,f,28261
2923,a,5121
2924,f,25542
2925,a,15730
2926,f,9940
2927,f,17966
2928,f,9599
2929,f,31301
2930,a,18402
2931,f,9085
2932,a,8688
2933,f,29513
2934,a,2054
2935,a,31121
2936,a,29459
2937,f,22012
2938,f,7890
2939,f,24063
2940,a,17775
2941,a,23170
2942,a,9136
2943,a,18832
2944,a,30472
2945,f,1913
2946,a,16561
2947,f,18800
2948,f,16337
2949,f,11110
2950,f,12073
2951,a,3225
2952,f,19910
2953,f,15532
2954,f,10509
2955,f,28760
2956,f,7641
2957,f,9126
2958,f,12884
2959,a,30303
2960,f,11776
2961,f,3585
2962,f,19150
2963,a,9511
2964,f,25188
2965,f,13185
2966,f,20206
2967,f,1035
2968,a,24074
2969,a,10896
2970,f,10043
2971,a,15793
2972,f,22264
2973,f,7671
2974,f,27454
2975,f,17301
2976,f,27156
2977,f,25262
2978,a,30246
2979,f,12467
2980,a,28683
2981,a,28441
2982,a,11133
2983,f,17786
2984,f,26734
2985,f,21806
2986,a,23302
2987,f,19159
2988,f,8594
2989,f,6130
2990,a,25206
2991,a,28122
2992,a,685
2993,f,23302
2994,f,17199
2995,f,27804
2996,a,1206
2997,f,24392
2998,a,11591
2999,f,22608
3000,f,8066
3001,f,17241
3002,f,13155
3003,f,4496
3004,a,7391
3005,a,5702
3006,f,3723
3007,f,18969
3008,f,7424
3009,f,4912
3010,a,16712
3011,f,17481
3012,a,23122
3013,f,26938
3014,f,19866
3015,a,24105
3016,f,27092
3017,f,23467
3018,a,25401
3019,f,17164
3020,f,32016
3021,f,28700
3022,a,25176
3023,f,4934
3024,a,22458
3025,a,22092
3026,a,10183
3027,a,12861
3028,a,31229
3029,f,31417
3030,f,24529
3031,a,29016
3032,f,6129
3033,f,20055
3034,f,20798
3035,f,14597
3036,f,7239
3037,f,9477
3038,a,10566
3039,f,21406
3040,a,15022
3041,f,18492
3042,a,32242
3043,f,10398
3044,f,28573
3045,f,9023
3046,f,24830
3047,f,23073
3048,a,8102
3049,a,24533
3050,f,18563
3051,f,18232
3052,f,6520
3053,a,23548
3054,a,18998
3055,a,7558
3056,a,21026
3057,f,4426
3058,a,14914
3059,f,31444
3060,a,3232
3061,a,32160
3062,f,28780
3063,f,8793
3064,f,7998
3065,f,16432
3066,f,16494
3067,a,5448
3068,f,4441
3069,a,28439
3070,f,7813
3071,f,25047
3072,f,8916
3073,f,1642
3074,f,13155
3075,f,4278
3076,a,27514
3077,a,6133
3078,a,29645
3079,a,6338
3080,f,27386
3081,f,29978
3082,a,13525
3083,a,2580
3084,f,22707
3085,f,6737
3086,f,24341
3087,a,23050
3088,f,31591
3089,f,3630
3090,f,3790
3091,f,8777
3092,f,9647
3093,f,11496
3094,f,14392
3095,f,7829
3096,a,3879
3097,a,26686
3098,f,4489
3099,a,15684
3100,a,29055
3101,a,16377
3102,a,5009
3103,a,6471
3104,a,29238
3105,f,6947
3106,f,26517
3107,f,30862
3108,f,11011
3109,f,15478
3110,f,32722
3111,f,15180
3112,a,3470
3113,f,9511
3114,f,7697
3115,f,2520
3116,a,2719
3117,f,46
3118,f,9168
3119,f,23492
3120,a,7036
3121,a,18492
3122,f,25321
3123,f,4749
3124,f,17768
3125,f,15022
3126,f,32242
3127,a,2193
3128,a,15138
3129,f,22290
3130,f,26487
3131,a,10258
3132,a,25742
3133,f,8719
3134,f,32114
3135,f,28036
3136,f,19844
3137,f,31768
3138,a,1369
3139,f,19420
3140,f,12309
3141,a,17817
3142,a,14001
3143,a,16283
3144,f,5776
3145,f,15757
3146,a,21049
3147,f,26285
3148,f,24443
3149,a,13393
3150,a,21732
3151,f,22702
3152,f,13401
3153,a,16720
3154,f,162
3155,f,11829
3156,f,7687
3157,f,11849
3158,f,7558
3159,a,8140
3160,f,3225
3161,f,23584
3162,a,27866
3163,f,17022
3164,f,16377
3165,f,17961
3166,f,16808
3167,a,13598
3168,f,13425
3169,f,26769
3170,a,14478
3171,f,16537
3172,f,20144
3173,a,8623
3174,a,16179
3175,f,29777
3176,f,23146
3177,a,4761
3178,f,15229
3179,a,12503
3180,a,10097
3181,f,12243
3182,f,7755
3183,f,18944
3184,f,3525
3185,f,9752
3186,f,16988
3187,a,20445
3188,f,3481
3189,f,2193
3190,f,11852
3191,a,8791
3192,f,6471
3193,f,20728
3194,f,24300
3195,a,26474
3196,f,16560
3197,f,28398
3198,a,25454
3199,a,15262
3200,a,22945
3201,f,28846
3202,f,10150
3203,f,11912
3204,f,6706
3205,f,19967
3206,f,10203
3207,a,28924
3208,f,2870
3209,f,14277
3210,f,28683
3211,f,22131
3212,f,3368
3213,f,31121
3214,f,14478
3215,f,3026
3216,f,4011
3217,f,18294
3218,a,17982
3219,f,28663
3220,f,17855
3221,f,8302
3222,f,14199
3223,f,5477
3224,a,29981
3225,a,14648
3226,a,20175
3227,f,8730
3228,f,16641
3229,f,24397
3230,a,12352
3231,a,24907
3232,f,19235
3233,a,13150
3234,f,20848
3235,f,3175
3236,f,3525
3237,a,13722
3238,f,28439
3239,f,18769
3240,f,27619
3241,f,4747
3242,f,26473
3243,f,9895
3244,a,9956
3245,f,28932
3246,f,21288
3247,f,17417
3248,f,18969
3249,f,14552
3250,f,23629
3251,a,27151
3252,f,20081
3253,f,18331
3254,f,27238
3255,a,30006
3256,f,8767
3257,f,30368
3258,f,29565
3259,a,31005
3260,a,7776
3261,f,15644
3262,a,18970
3263,a,14958
3264,f,16431
3265,f,24529
3266,f,7622
3267,f,11516
3268,f,12861
3269,f,26246
3270,a,15916
3271,a,14069
3272,f,10491
3273,a,28557
3274,f,13645
3275,f,16805
3276,a,30395
3277,f,685
3278,f,25256
3279,f,6866
3280,a,22693
3281,f,24533
3282,f,1378
3283,a,11968
3284,f,16366
3285,a,2388
3286,a,2428
3287,a,22066
3288,a,22833
3289,f,28242
3290,a,11219
3291,f,26006
3292,f,10292
3293,f,15253
3294,f,1042
3295,a,15772
3296,f,28701
3297,f,9072
3298,f,21453
3299,f,18512
3300,a,15520
3301,f,14403
3302,f,13447
3303,f,29547
3304,a,26482
3305,f,30006
3306,a,5949
3307,f,20403
3308,f,351
3309,f,17388
3310,f,1369
3311,f,10238
3312,a,11677
3313,a,11696
3314,f,4630
3315,f,22805
3316,f,11194
3317,f,10631
3318,a,3163
3319,f,20070
3320,a,26326
3321,f,8353
3322,f,4845
3323,f,32617
3324,f,3154
3325,f,21378
3326,f,22710
3327,f,4859
3328,f,11591
3329,f,26421
3330,a,31872
3331,a,15516
3332,f,16712
3333,a,18465
3334,a,12254
3335,a,29238
3336,f,5804
3337,f,27910
3338,f,29397
3339,f,23724
3340,f,6006
3341,a,28421
3342,f,28453
3343,f,2071
3344,f,28445
3345,f,1817
3346,a,6637
3347,f,20377
3348,f,27747
3349,f,18832
3350,a,26476
3351,f,11040
3352,f,15911
3353,f,10358
3354,f,21228
3355,a,26659
3356,a,14414
3357,f,24105
3358,f,11357
3359,a,12679
3360,a,8850
3361,a,30331
3362,a,26749
3363,a,4639
3364,a,27958
3365,a,16674
3366,f,11268
3367,f,30767
3368,f,29279
3369,a,16607
3370,a,30346
3371,f,17210
3372,a,19103
3373,f,16237
3374,a,5906
3375,a,20412
3376,f,30418
3377,f,32598
3378,f,221
3379,a,30323
3380,a,21678
3381,a,3165
3382,f,8826
3383,f,12503
3384,f,14648
3385,a,24037
3386,f,3687
3387,f,20264
3388,a,27628
3389,f,7886
3390,f,26177
3391,a,14842
3392,f,32487
3393,f,23307
3394,f,32601
3395,a,2966
3396,a,30792
3397,f,29238
3398,a,8401
3399,f,28631
3400,f,3893
3401,a,2070
3402,f,11850
3403,f,24632
3404,f,8528
3405,a,13540
3406,f,15730
3407,a,26866
3408,f,12290
3409,f,25718
3410,f,21063
3411,f,22634
3412,f,29325
3413,a,14324
3414,f,14809
3415,f,18103
3416,a,10011
3417,a,22520
3418,f,24871
3419,a,20962
3420,f,17906
3421,a,3720
3422,f,31470
3423,f,1057
3424,a,16412
3425,f,213
3426,a,2608
3427,f,7483
3428,a,16399
3429,a,25262
3430,f,13932
3431,a,171
3432,f,13655
3433,f,6773
3434,a,10380
3435,f,17247
3436,a,29901
3437,a,28129
3438,f,31229
3439,a,27055
3440,f,2903
3441,a,13741
3442,f,27312
3443,f,6323
3444,a,25708
3445,f,13858
3446,f,28617
3447,f,25206
3448,f,2966
3449,f,11612
3450,a,13390
3451,f,13913
3452,a,19647
3453,a,13352
3454,f,5009
3455,f,28064
3456,a,10946
3457,a,8558
3458,a,16518
3459,a,2215
3460,f,2306
3461,a,3419
3462,f,7233
3463,a,31360
3464,a,5182
3465,a,1443
3466,a,6993
3467,a,7252
3468,a,14984
3469,f,18940
3470,a,1092
3471,f,16269
3472,f,4127
3473,f,18260
3474,f,16483
3475,f,30246
3476,f,3720
3477,a,21577
3478,a,24995
3479,a,23612
3480,f,30346
3481,a,9771
3482,f,26819
3483,f,8949
3484,f,1238
3485,f,290
3486,a,28715
3487,f,19941
3488,f,329
3489,a,7256
3490,f,27141
3491,f,13330
3492,f,20754
3493,a,12379
3494,a,12347
3495,f,27238
3496,f,29294
3497,f,27841
3498,a,32519
3499,f,13150
3500,f,30856
3501,a,12550
3502,f,27041
3503,a,22728
3504,f,22520
3505,f,15762
3506,a,29652
3507,a,7912
3508,f,22648
3509,f,17569
3510,f,7079
3511,a,17015
3512,f,24074
3513,f,16150
3514,a,10626
3515,f,11712
3516,f,8447
3517,f,2974
3518,a,852
3519,f,6527
3520,f,1388
3521,a,30406
3522,f,15675
3523,f,23007
3524,f,24037
3525,f,2580
3526,f,2662
3527,f,2784
3528,a,30274
3529,f,11942
3530,f,8933
3531,f,17244
3532,f,14914
3533,f,22850
3534,a,14205
3535,f,10067
3536,a,8585
3537,a,6064
3538,f,313
3539,a,30723
3540,f,3615
3541,f,14001
3542,f,21269
3543,a,10801
3544,f,16518
3545,a,9483
3546,f,27441
3547,f,5448
3548,f,3567
3549,f,24995
3550,a,29316
3551,f,4906
3552,f,30587
3553,f,20121
3554,f,18094
3555,a,15983
3556,f,8569
3557,f,6993
3558,a,10927
3559,f,30053
3560,a,3541
3561,f,1237
3562,f,3439
3563,f,24316
3564,f,17659
3565,f,25296
3566,f,8140
3567,f,30723
3568,f,18134
3569,a,23235
3570,f,24151
3571,a,25911
3572,f,30343
3573,a,4634
3574,f,4837
3575,a,12044
3576,f,7391
3577,a,18138
3578,f,32519
3579,f,14982
3580,a,28247
3581,f,16103
3582,a,21815
3583,f,21729
3584,f,31413
3585,f,12550
3586,a,14086
3587,a,2736
3588,f,8688
3589,a,1427
3590,f,26957
3591,f,26482
3592,f,21815
3593,f,30180
3594,a,26434
3595,f,9355
3596,a,2487
3597,a,13977
3598,f,20765
3599,a,16394
3600,a,32139
3601,f,25262
3602,f,32201
3603,f,32707
3604,a,21889
3605,f,730
3606,a,642
3607,a,9998
3608,a,22742
3609,f,3795
3610,a,31049
3611,a,7504
3612,f,20770
3613,f,17103
3614,f,28715
3615,a,4179
3616,a,6866
3617,f,24333
3618,a,13569
3619,f,5781
3620,f,10561
3621,f,19879
3622,f,1683
3623,f,21765
3624,a,2134
3625,a,17667
3626,a,23052
3627,f,17426
3628,f,24472
3629,f,19555
3630,a,31450
3631,a,882
3632,f,15520
3633,f,3658
3634,a,1211
3635,f,19296
3636,f,5920
3637,a,2224
3638,f,12679
3639,a,24118
3640,f,6585
3641,f,21671
3642,a,27123
3643,a,6858
3644,a,3394
3645,a,12494
3646,f,6138
3647,a,2337
3648,a,25210
3649,f,22458
3650,f,13932
3651,a,26580
3652,a,5073
3653,f,1063
3654,a,26637
3655,f,587
3656,f,22236
3657,f,22066
3658,f,16791
3659,f,32089
3660,a,20246
3661,f,14698
3662,a,7561
3663,f,21423
3664,f,22403
3665,f,26068
3666,f,23548
3667,f,8586
3668,a,7847
3669,a,3873
3670,f,22927
3671,f,24817
3672,f,1923
3673,f,3394
3674,f,29238
3675,f,31168
3676,f,22469
3677,f,27673
3678,f,19009
3679,f,2108
3680,f,14069
3681,a,6933
3682,a,29737
3683,a,4515
3684,a,16931
3685,f,15027
3686,f,25210
3687,f,23596
3688,f,29055
3689,f,9056
3690,a,19711
3691,a,2797
3692,f,12044
3693,a,24435
3694,f,2788
3695,f,26701
3696,f,13182
3697,f,29018
3698,f,27514
3699,f,15242
3700,a,23891
3701,f,25804
3702,f,30406
3703,a,9663
3704,f,1714
3705,a,5237
3706,f,14211
3707,f,16032
3708,f,19866
3709,f,23664
3710,f,18998
3711,a,26025
3712,f,8623
3713,f,31901
3714,f,5073
3715,a,27331
3716,f,5951
3717,f,13529
3718,f,32136
3719,f,12213
3720,f,27866
3721,f,3163
3722,f,25971
3723,f,12352
3724,a,28289
3725,f,19103
3726,f,13906
3727,f,27055
3728,f,17766
3729,f,26659
3730,f,27628
3731,f,23052
3732,a,24708
3733,a,28213
3734,a,29501
3735,f,16399
3736,a,26933
3737,f,11898
3738,f,16496
3739,a,19564
3740,f,4634
3741,f,26476
3742,f,16908
3743,f,16394
3744,f,19647
3745,a,23857
3746,a,1024
3747,a,22959
3748,f,25228
3749,f,21742
3750,f,22833
3751,f,19047
3752,f,9663
3753,f,3355
3754,f,27958
3755,f,22499
3756,f,25946
3757,f,18632
3758,f,16399
3759,f,7699
3760,a,3583
3761,a,3362
3762,f,7776
3763,f,27114
3764,f,27656
3765,a,15401
3766,a,30163
3767,f,3419
3768,f,25298
3769,f,12718
3770,f,25911
3771,a,8436
3772,a,9271
3773,f,21667
3774,f,14958
3775,a,17642
3776,f,28852
3777,f,26866
3778,a,15997
3779,f,9241
3780,f,10801
3781,f,3442
3782,f,27067
3783,a,17119
3784,f,23235
3785,f,4179
3786,a,21515
3787,f,18414
3788,f,27123
3789,f,26887
3790,a,22930
3791,f,13352
3792,f,26615
3793,a,14088
3794,f,13363
3795,f,16674
3796,f,11975
3797,f,9031
3798,f,2332
3799,f,29502
3800,f,31343
3801,f,10097
3802,f,14088
3803,f,18318
3804,f,12803
3805,a,26031
3806,a,7093
3807,a,1032
3808,a,28828
3809,f,1024
3810,a,31529
3811,f,16283
3812,f,32653
3813,f,30472
3814,f,25742
3815,f,25211
3816,a,24923
3817,a,5724
3818,a,3998
3819,a,18181
3820,a,287
3821,a,32288
3822,f,29737
3823,f,2134
3824,f,13569
3825,f,32160
3826,a,10121
3827,f,16346
3828,f,31529
3829,a,28501
3830,f,24405
3831,f,20778
3832,f,27621
3833,f,7252
3834,f,25010
3835,f,19764
3836,f,19091
3837,f,28924
3838,f,22742
3839,a,29022
3840,f,23625
3841,f,9871
3842,f,29926
3843,f,8609
3844,f,6637
3845,f,1206
3846,f,12001
3847,f,22728
3848,f,18138
3849,a,4287
3850,a,15297
3851,f,5237
3852,a,20111
3853,f,1866
3854,f,1616
3855,f,8992
3856,a,5311
3857,f,10159
3858,f,171
3859,f,30408
3860,f,14984
3861,a,5488
3862,f,988
3863,f,7093
3864,f,5106
3865,a,23694
3866,f,2206
3867,f,5140
3868,a,8673
3869,f,32245
3870,a,20890
3871,a,21090
3872,f,29533
3873,f,8240
3874,f,29829
3875,f,30814
3876,a,17109
3877,f,18871
3878,f,4205
3879,f,13540
3880,f,22159
3881,f,16281
3882,f,27513
3883,f,18402
3884,f,287
3885,f,4467
3886,f,21515
3887,f,15603
3888,f,26474
3889,f,6133
3890,f,10626
3891,a,30161
3892,f,6726
3893,f,16412
3894,a,5965
3895,f,13598
3896,f,28001
3897,f,12057
3898,f,20018
3899,a,338
3900,f,21941
3901,f,13741
3902,f,15479
3903,a,14513
3904,f,29249
3905,f,4838
3906,a,27481
3907,f,26234
3908,a,23269
3909,a,28601
3910,f,20491
3911,a,20745
3912,a,30362
3913,f,2636
3914,f,23252
3915,f,27481
3916,a,29633
3917,a,16805
3918,a,29124
3919,f,22064
3920,f,14966
3921,f,23542
3922,f,32360
3923,f,3470
3924,a,21789
3925,a,22530
3926,f,7056
3927,f,20111
3928,f,8401
3929,a,355
3930,f,1092
3931,f,23269
3932,f,7979
3933,f,15112
3934,f,27169
3935,a,7202
3936,f,15297
3937,f,26686
3938,f,28828
3939,f,19227
3940,f,29501
3941,f,13722
3942,a,22817
3943,a,32643
3944,f,27707
3945,a,17324
3946,f,639
3947,f,3442
3948,f,29728
3949,f,10183
3950,a,18550
3951,f,20412
3952,f,10220
3953,f,20808
3954,f,27151
3955,f,12347
3956,f,5702
3957,a,28898
3958,f,21652
3959,f,32390
3960,f,22351
3961,f,2918
3962,f,1122
3963,f,28670
3964,f,13058
3965,a,21611
3966,f,21953
3967,f,22092
3968,f,2193
3969,f,22530
3970,a,1080
3971,f,3998
3972,f,28289
3973,f,7499
3974,f,10946
3975,f,27510
3976,a,16241
3977,f,21426
3978,f,25180
3979,a,26922
3980,f,11481
3981,f,26933
3982,f,24924
3983,f,14291
3984,f,14086
3985,a,6568
3986,f,30362
3987,f,11718
3988,f,20890
3989,a,7168
3990,f,18768
3991,f,9136
3992,f,5724
3993,f,11105
3994,f,11831
3995,a,2828
3996,a,27458
3997,f,31639
3998,f,30667
3999,a,28258
4000,f,11219
4001,a,19937
4002,a,24852
4003,a,1456
4004,f,16931
4005,a,20276
4006,f,31005
4007,f,4486
4008,f,29124
4009,a,6597
4010,a,28937
4011,f,31160
4012,f,16997
4013,f,15684
4014,f,16399
4015,a,10777
4016,f,17354
4017,a,2430
4018,f,10777
4019,f,7331
4020,f,14865
4021,a,16914
4022,f,8791
4023,a,8372
4024,f,6933
4025,f,16607
4026,f,6081
4027,a,32064
4028,f,1267
4029,f,9271
4030,f,28529
4031,f,22046
4032,a,952
4033,a,4729
4034,f,20445
4035,f,26547
4036,f,8102
4037,f,23612
4038,a,21085
4039,f,16873
4040,f,14842
4041,f,18492
4042,f,22817
4043,f,17642
4044,f,31023
4045,f,9082
4046,f,20719
4047,f,31468
4048,f,28946
4049,f,28304
4050,f,30331
4051,f,32377
4052,f,23873
4053,a,23482
4054,f,18057
4055,f,15138
4056,f,3664
4057,f,19711
4058,a,5084
4059,f,28258
4060,f,18091
4061,f,29266
4062,a,28287
4063,f,18178
4064,f,12494
4065,a,13532
4066,f,5949
4067,f,29194
4068,f,25401
4069,a,4960
4070,f,31189
4071,f,12445
4072,a,12843
4073,f,10193
4074,f,14324
4075,a,32083
4076,a,1090
4077,f,24852
4078,a,1687
4079,f,15010
4080,a,395
4081,a,17332
4082,f,18968
4083,a,28609
4084,a,6963
4085,f,32275
4086,f,15997
4087,a,24500
4088,f,26749
4089,f,15228
4090,f,25176
4091,f,8372
4092,a,31437
4093,f,23857
4094,a,1654
4095,f,23801
4096,f,28441
4097,f,23170
4098,f,19707
4099,f,1767
4100,f,6458
4101,a,19991
4102,a,18607
4103,f,19248
4104,f,27556
4105,a,26506
4106,f,2337
4107,f,19481
4108,a,21447
4109,f,29645
4110,f,22748
4111,a,6116
4112,f,26608
4113,f,11133
4114,f,21447
4115,f,24529
4116,f,19991
4117,f,6338
4118,f,13390
4119,f,6888
4120,f,17982
4121,f,20010
4122,a,336
4123,f,8673
4124,f,22352
4125,f,19815
4126,f,8107
4127,f,4153
4128,f,338
4129,a,17616
4130,f,2215
4131,f,14513
4132,a,16893
4133,f,17616
4134,f,28994
4135,f,19903
4136,f,28156
4137,f,31872
4138,f,15262
4139,f,7387
4140,f,16820
4141,a,2767
4142,a,1763
4143,f,21085
4144,f,28601
4145,f,21049
4146,f,15645
4147,f,2797
4148,f,1032
4149,a,25266
4150,a,2063
4151,f,7101
4152,f,23520
4153,f,10518
4154,f,14682
4155,f,19540
4156,f,6669
4157,f,355
4158,a,2715
4159,f,25266
4160,f,262
4161,a,29996
4162,a,23149
4163,f,17015
4164,f,19564
4165,f,5715
4166,f,16561
4167,a,26198
4168,a,2313
4169,f,5330
4170,f,13977
4171,f,1687
4172,f,25986
4173,f,28474
4174,f,9061
4175,f,20569
4176,f,18986
4177,f,23122
4178,f,10121
4179,f,26569
4180,a,18669
4181,a,6962
4182,a,7273
4183,f,2924
4184,f,4729
4185,f,31360
4186,f,11614
4187,f,3879
4188,f,2969
4189,f,18084
4190,f,30792
4191,f,28931
4192,a,31513
4193,f,6064
4194,a,6278
4195,f,10566
4196,f,336
4197,a,8364
4198,f,22959
4199,f,6866
4200,f,14823
4201,f,5182
4202,f,1849
4203,a,432
4204,a,6673
4205,f,2736
4206,f,20175
4207,f,7847
4208,f,31610
4209,f,15300
4210,f,32288
4211,f,5272
4212,f,13704
4213,f,852
4214,f,30274
4215,a,25696
4216,a,29041
4217,f,4515
4218,a,13637
4219,f,6281
4220,a,17429
4221,a,27711
4222,a,15291
4223,a,4653
4224,f,13361
4225,f,21889
4226,f,16885
4227,f,18872
4228,f,15981
4229,f,32652
4230,f,27884
4231,f,5909
4232,f,7504
4233,a,13550
4234,a,9030
4235,f,14673
4236,f,6278
4237,f,15291
4238,f,8585
4239,f,22518
4240,f,30161
4241,a,26100
4242,f,589
4243,f,32139
4244,f,22702
4245,a,19666
4246,f,28213
4247,f,15401
4248,f,3362
4249,f,26922
4250,f,23891
4251,f,30170
4252,f,18669
4253,f,31437
4254,f,2070
4255,f,4639
4256,f,7273
4257,f,29981
4258,a,9366
4259,f,15916
4260,f,17094
4261,a,10949
4262,f,21678
4263,f,14248
4264,f,24620
4265,f,3463
4266,f,26760
4267,f,22945
4268,f,2224
4269,a,3792
4270,f,29316
4271,f,28496
4272,a,12133
4273,f,12648
4274,a,12712
4275,f,15567
4276,f,16722
4277,f,1820
4278,f,4960
4279,f,2715
4280,a,29059
4281,f,7202
4282,f,10011
4283,f,9942
4284,f,19284
4285,f,31158
4286,a,14197
4287,f,3232
4288,a,15428
4289,f,23874
4290,a,26287
4291,f,11068
4292,f,3333
4293,f,6597
4294,f,26690
4295,f,11508
4296,f,29996
4297,f,10896
4298,a,4578
4299,f,12712
4300,f,12379
4301,f,2388
4302,f,24298
4303,f,28247
4304,a,8859
4305,f,16419
4306,f,30843
4307,f,2487
4308,f,28129
4309,f,28898
4310,a,28600
4311,f,16360
4312,f,23946
4313,f,28421
4314,f,15516
4315,f,20246
4316,f,8850
4317,f,14197
4318,f,25752
4319,f,6439
4320,f,8436
4321,f,23502
4322,f,65
4323,a,23248
4324,a,15822
4325,f,30395
4326,f,22693
4327,f,21026
4328,f,12642
4329,f,1813
4330,a,3106
4331,f,32064
4332,a,21993
4333,f,2063
4334,a,22100
4335,f,21090
4336,f,32633
4337,f,11677
4338,f,6568
4339,f,17332
4340,a,11470
4341,f,395
4342,a,22425
4343,a,28774
4344,f,882
4345,f,8859
4346,f,25313
4347,f,7168
4348,a,4399
4349,f,31841
4350,f,27466
4351,f,24708
4352,f,16643
4353,f,1427
4354,f,25178
4355,f,28465
4356,f,7302
4357,f,29120
4358,a,18699
4359,f,30163
4360,f,5488
4361,f,4275
4362,f,10733
4363,a,9643
4364,f,3165
4365,f,26961
4366,f,12319
4367,f,23264
4368,f,32602
4369,f,28501
4370,f,27284
4371,f,23102
4372,f,10695
4373,f,10258
4374,f,14482
4375,f,25704
4376,a,21829
4377,a,13642
4378,f,17429
4379,a,24935
4380,f,2533
4381,f,17160
4382,f,952
4383,f,26322
4384,a,26482
4385,f,19329
4386,f,14909
4387,f,3541
4388,a,27193
4389,f,20352
4390,f,7149
4391,f,4653
4392,f,32739
4393,f,26031
4394,f,16720
4395,f,16241
4396,f,25142
4397,f,6195
4398,f,642
4399,f,17688
4400,f,21616
4401,f,8585
4402,f,29041
4403,f,32083
4404,f,28116
4405,f,15388
4406,f,21611
4407,f,15428
4408,f,12351
4409,f,26100
4410,f,25696
4411,f,28986
4412,f,5084
4413,f,6690
4414,f,12843
4415,f,24453
4416,a,1197
4417,a,19815
4418,f,19815
4419,a,14092
4420,f,1405
4421,f,28609
4422,a,10564
4423,f,7561
4424,a,30764
4425,f,14584
4426,f,9878
4427,f,22425
4428,f,10949
4429,a,17884
4430,a,22697
4431,a,10709
4432,a,14176
4433,f,26637
4434,f,1209
4435,a,4126
4436,f,23149
4437,f,13637
4438,f,2608
4439,f,28774
4440,f,22872
4441,f,29022
4442,f,11968
4443,f,28683
4444,f,23482
4445,a,26138
4446,f,13629
4447,f,3792
4448,f,22930
4449,f,4287
4450,f,14414
4451,f,13393
4452,f,22697
4453,f,28195
4454,f,20745
4455,a,7696
4456,f,21732
4457,f,15772
4458,f,7912
4459,a,8705
4460,a,2229
4461,f,1654
4462,f,29059
4463,f,7859
4464,a,3528
4465,f,13642
4466,f,14176
4467,f,25708
4468,a,31953
4469,a,18052
4470,f,27458
4471,f,6673
4472,f,13977
4473,f,1052
4474,f,6219
4475,f,23314
4476,f,19937
4477,f,30106
4478,f,21789
4479,f,4126
4480,f,19666
4481,f,5173
4482,f,31245
4483,f,20984
4484,f,28287
4485,f,21829
4486,a,6635
4487,a,21178
4488,f,6962
4489,f,6858
4490,f,21993
4491,f,15446
4492,f,20935
4493,f,13623
4494,f,29633
4495,a,7384
4496,f,13360
4497,f,27247
4498,f,26025
4499,f,31540
4500,a,18106
4501,f,7517
4502,f,17667
4503,f,16914
4504,f,16179
4505,f,9956
4506,a,10836
4507,f,28600
4508,f,18181
4509,f,5215
4510,f,9389
4511,f,21909
4512,f,3873
4513,f,13791
4514,f,10836
4515,f,26434
4516,f,5906
4517,f,15793
4518,f,28832
4519,f,2828
4520,f,14092
4521,a,3390
4522,f,18748
4523,f,13550
4524,a,22506
4525,f,17553
4526,f,12254
4527,f,10958
4528,a,29535
4529,f,10564
4530,f,5311
4531,a,13033
4532,f,3528
4533,f,18465
4534,f,10927
4535,f,30303
4536,f,29901
4537,f,26580
4538,a,11567
4539,f,11701
4540,f,2207
4541,f,2430
4542,f,14591
4543,f,30764
4544,a,10409
4545,f,12021
4546,f,30323
4547,f,13287
4548,f,26506
4549,f,7384
4550,f,4578
4551,a,5201
4552,f,28713
4553,f,29016
4554,f,1763
4555,f,3583
4556,f,27711
4557,a,5282
4558,f,25454
4559,f,13532
4560,a,4835
4561,f,32643
4562,f,17775
4563,f,17222
4564,f,13033
4565,f,31513
4566,f,18550
4567,f,10709
4568,f,17817
4569,a,6398
4570,f,12547
4571,f,13363
4572,f,1197
4573,a,25097
4574,f,29971
4575,f,25930
4576,f,28122
4577,f,11470
4578,f,30958
4579,f,18970
4580,a,18927
4581,f,23280
4582,f,18927
4583,f,9771
4584,a,16962
4585,f,3106
4586,f,24890
4587,f,28748
4588,f,31450
4589,f,31953
4590,f,15983
4591,f,32106
4592,f,17119
4593,f,26287
4594,f,18699
4595,f,10380
4596,f,918
4597,a,23093
4598,a,4044
4599,f,27331
4600,a,6892
4601,f,18052
4602,f,26326
4603,f,3494
4604,f,17444
4605,f,15822
4606,f,23559
4607,f,4719
4608,f,21577
4609,f,28859
4610,f,9483
4611,f,18106
4612,a,1035
4613,f,16805
4614,f,12638
4615,f,12098
4616,f,9030
4617,a,18220
4618,a,11019
4619,f,22506
4620,a,27174
4621,f,11696
4622,f,8421
4623,a,25917
4624,f,26482
4625,f,29459
4626,f,17349
4627,f,1833
4628,f,5282
4629,f,23248
4630,a,19724
4631,f,3390
4632,f,6398
4633,f,12133
4634,f,1035
4635,f,14680
4636,f,9643
4637,f,1090
4638,f,8000
4639,f,7256
4640,f,22470
4641,f,25097
4642,a,29403
4643,a,29445
4644,f,2313
4645,f,2054
4646,f,24176
4647,f,24118
4648,f,7497
4649,f,23050
4650,f,22100
4651,f,26874
4652,f,31328
4653,f,24935
4654,f,26198
4655,a,18910
4656,a,14688
4657,f,20454
4658,f,21848
4659,f,5965
4660,f,16940
4661,f,17884
4662,f,19717
4663,f,13877
4664,f,2428
4665,f,7634
4666,f,31049
4667,f,26138
4668,f,21778
4669,a,3313
4670,f,14688
4671,f,432
4672,f,1764
4673,f,1080
4674,a,7321
4675,f,8705
4676,f,17324
4677,f,29535
4678,a,22072
4679,a,21419
4680,f,30685
4681,f,7685
4682,f,1443
4683,f,2767
4684,f,29652
4685,f,14205
4686,f,15721
4687,f,23694
4688,f,12762
4689,f,24112
4690,f,6172
4691,f,21419
4692,f,28557
4693,f,20294
4694,f,7696
4695,a,18157
4696,f,29886
4697,f,9907
4698,f,11567
4699,a,25463
4700,f,27193
4701,f,9366
4702,f,24647
4703,f,6116
4704,f,16962
4705,f,24907
4706,f,2229
4707,f,4835
4708,f,30099
4709,a,11157
4710,f,24435
4711,f,16893
4712,f,22072
4713,a,14925
4714,f,25917
4715,f,1211
4716,f,19724
4717,f,17109
4718,f,21178
4719,a,5729
4720,f,753
4721,f,30475
4722,f,6963
4723,f,4044
4724,f,23093
4725,f,30615
4726,f,24500
4727,f,6892
4728,a,22725
4729,f,9778
4730,f,18607
4731,f,29403
4732,f,6635
4733,f,28860
4734,f,10121
4735,f,9154
4736,a,25335
4737,f,26420
4738,a,10930
4739,a,28008
4740,f,23854
4741,f,22725
4742,f,2719
4743,f,12008
4744,a,30170
4745,f,8558
4746,f,30170
4747,f,3313
4748,f,9998
4749,f,14925
4750,f,5201
4751,f,11157
4752,f,18220
4753,f,10409
4754,f,26309
4755,f,25335
4756,f,4761
4757,a,17328
4758,f,13211
4759,f,27174
4760,f,20276
4761,f,17328
4762,f,20962
4763,f,29445
4764,f,11019
4765,f,13525
4766,f,7321
4767,f,7036
4768,f,24923
4769,a,20337
4770,f,28008
4771,f,25463
4772,a,16329
4773,f,8364
4774,f,16329
4775,f,27945
4776,f,18012
4777,f,18157
4778,f,1456
4779,f,4399
4780,a,1523
4781,a,10663
4782,f,10930
4783,f,5121
4784,f,30707
4785,f,29323
4786,a,20374
4787,f,5729
4788,a,8415
4789,f,22295
4790,f,10663
4791,f,28937
4792,f,1523
4793,f,8415
4794,f,20337
4795,f,20374
4796,f,2007
4797,f,18910
4798,a,11699
4799,f,11699
